word,count,probability
instants,1,7.805182641273806e-05
linked,1,7.805182641273806e-05
limiting,1,7.805182641273806e-05
limitations,1,7.805182641273806e-05
lies,1,7.805182641273806e-05
licensed,1,7.805182641273806e-05
liberty,1,7.805182641273806e-05
liberator,1,7.805182641273806e-05
liberation,1,7.805182641273806e-05
liberating,1,7.805182641273806e-05
level,1,7.805182641273806e-05
legitimately,1,7.805182641273806e-05
legally,1,7.805182641273806e-05
learnt,1,7.805182641273806e-05
lay,1,7.805182641273806e-05
launched,1,7.805182641273806e-05
latin,1,7.805182641273806e-05
larger,1,7.805182641273806e-05
lapse,1,7.805182641273806e-05
lake,1,7.805182641273806e-05
knowable,1,7.805182641273806e-05
knives,1,7.805182641273806e-05
knits,1,7.805182641273806e-05
killed,1,7.805182641273806e-05
lips,1,7.805182641273806e-05
keynes,1,7.805182641273806e-05
live,1,7.805182641273806e-05
locations,1,7.805182641273806e-05
melt,1,7.805182641273806e-05
meanings,1,7.805182641273806e-05
maximum,1,7.805182641273806e-05
match,1,7.805182641273806e-05
marriage,1,7.805182641273806e-05
marching,1,7.805182641273806e-05
march,1,7.805182641273806e-05
manager,1,7.805182641273806e-05
majority,1,7.805182641273806e-05
maintaining,1,7.805182641273806e-05
maintain,1,7.805182641273806e-05
magnifies,1,7.805182641273806e-05
machine,1,7.805182641273806e-05
lying,1,7.805182641273806e-05
luminously,1,7.805182641273806e-05
lowest,1,7.805182641273806e-05
loud,1,7.805182641273806e-05
lot,1,7.805182641273806e-05
loosen,1,7.805182641273806e-05
loose,1,7.805182641273806e-05
looked,1,7.805182641273806e-05
logician,1,7.805182641273806e-05
locke,1,7.805182641273806e-05
lived,1,7.805182641273806e-05
keener,1,7.805182641273806e-05
kantian,1,7.805182641273806e-05
justly,1,7.805182641273806e-05
inspiration,1,7.805182641273806e-05
insoluble,1,7.805182641273806e-05
insistent,1,7.805182641273806e-05
inquired,1,7.805182641273806e-05
inquire,1,7.805182641273806e-05
inoperative,1,7.805182641273806e-05
innocent,1,7.805182641273806e-05
innate,1,7.805182641273806e-05
inherent,1,7.805182641273806e-05
inhabited,1,7.805182641273806e-05
inhabitants,1,7.805182641273806e-05
infringement,1,7.805182641273806e-05
infringed,1,7.805182641273806e-05
influence,1,7.805182641273806e-05
inflections,1,7.805182641273806e-05
inflected,1,7.805182641273806e-05
infinitum,1,7.805182641273806e-05
infinitesimal,1,7.805182641273806e-05
inferring,1,7.805182641273806e-05
infected,1,7.805182641273806e-05
infancy,1,7.805182641273806e-05
infallibility,1,7.805182641273806e-05
inexplicable,1,7.805182641273806e-05
yield,1,7.805182641273806e-05
instincts,1,7.805182641273806e-05
instrument,1,7.805182641273806e-05
insubstantial,1,7.805182641273806e-05
june,1,7.805182641273806e-05
joint,1,7.805182641273806e-05
isolation,1,7.805182641273806e-05
irs,1,7.805182641273806e-05
irrefutable,1,7.805182641273806e-05
invites,1,7.805182641273806e-05
investigations,1,7.805182641273806e-05
inventions,1,7.805182641273806e-05
inventing,1,7.805182641273806e-05
invented,1,7.805182641273806e-05
invalidity,1,7.805182641273806e-05
men's,1,7.805182641273806e-05
intuitively,1,7.805182641273806e-05
interrupted,1,7.805182641273806e-05
interrelation,1,7.805182641273806e-05
interpreted,1,7.805182641273806e-05
interpret,1,7.805182641273806e-05
international,1,7.805182641273806e-05
intermediary,1,7.805182641273806e-05
interferes,1,7.805182641273806e-05
interact,1,7.805182641273806e-05
intently,1,7.805182641273806e-05
intended,1,7.805182641273806e-05
intelligent,1,7.805182641273806e-05
introduce,1,7.805182641273806e-05
inevitable,1,7.805182641273806e-05
mention,1,7.805182641273806e-05
mercilessly,1,7.805182641273806e-05
odd,1,7.805182641273806e-05
occupying,1,7.805182641273806e-05
occupant,1,7.805182641273806e-05
obtuse,1,7.805182641273806e-05
obstinate,1,7.805182641273806e-05
obstacles,1,7.805182641273806e-05
obstacle,1,7.805182641273806e-05
obsolete,1,7.805182641273806e-05
observing,1,7.805182641273806e-05
observe,1,7.805182641273806e-05
obscure,1,7.805182641273806e-05
oblivious,1,7.805182641273806e-05
objective,1,7.805182641273806e-05
objectionable,1,7.805182641273806e-05
numerous,1,7.805182641273806e-05
nowhen,1,7.805182641273806e-05
nowadays,1,7.805182641273806e-05
novelist,1,7.805182641273806e-05
nouns,1,7.805182641273806e-05
notions,1,7.805182641273806e-05
notifies,1,7.805182641273806e-05
noticing,1,7.805182641273806e-05
noteworthy,1,7.805182641273806e-05
office,1,7.805182641273806e-05
note,1,7.805182641273806e-05
oftener,1,7.805182641273806e-05
oneself,1,7.805182641273806e-05
palpable,1,7.805182641273806e-05
painfully,1,7.805182641273806e-05
owed,1,7.805182641273806e-05
oval,1,7.805182641273806e-05
outward,1,7.805182641273806e-05
outlines,1,7.805182641273806e-05
outdated,1,7.805182641273806e-05
outcome,1,7.805182641273806e-05
originator,1,7.805182641273806e-05
originally,1,7.805182641273806e-05
origin,1,7.805182641273806e-05
organs,1,7.805182641273806e-05
organizing,1,7.805182641273806e-05
organized,1,7.805182641273806e-05
ordnance,1,7.805182641273806e-05
orderly,1,7.805182641273806e-05
orator,1,7.805182641273806e-05
opposites,1,7.805182641273806e-05
opportunity,1,7.805182641273806e-05
opportunities,1,7.805182641273806e-05
operative,1,7.805182641273806e-05
operated,1,7.805182641273806e-05
opaque,1,7.805182641273806e-05
omission,1,7.805182641273806e-05
nook,1,7.805182641273806e-05
nonproprietary,1,7.805182641273806e-05
nominative,1,7.805182641273806e-05
momentary,1,7.805182641273806e-05
modify,1,7.805182641273806e-05
modifications,1,7.805182641273806e-05
modification,1,7.805182641273806e-05
mode,1,7.805182641273806e-05
mitigate,1,7.805182641273806e-05
misunderstanding,1,7.805182641273806e-05
mistakes,1,7.805182641273806e-05
mistake,1,7.805182641273806e-05
mississippi,1,7.805182641273806e-05
misleadingness,1,7.805182641273806e-05
misery,1,7.805182641273806e-05
miracle,1,7.805182641273806e-05
minor,1,7.805182641273806e-05
mineralogist,1,7.805182641273806e-05
miles,1,7.805182641273806e-05
midst,1,7.805182641273806e-05
michael,1,7.805182641273806e-05
metaphysic,1,7.805182641273806e-05
metaphorically,1,7.805182641273806e-05
merits,1,7.805182641273806e-05
merges,1,7.805182641273806e-05
merest,1,7.805182641273806e-05
monadology,1,7.805182641273806e-05
month,1,7.805182641273806e-05
moore,1,7.805182641273806e-05
mortality,1,7.805182641273806e-05
noises,1,7.805182641273806e-05
newton,1,7.805182641273806e-05
newspapers,1,7.805182641273806e-05
newsletter,1,7.805182641273806e-05
news,1,7.805182641273806e-05
newness,1,7.805182641273806e-05
network,1,7.805182641273806e-05
negligible,1,7.805182641273806e-05
negligence,1,7.805182641273806e-05
neglecting,1,7.805182641273806e-05
nearness,1,7.805182641273806e-05
merchantability,1,7.805182641273806e-05
nearest,1,7.805182641273806e-05
nation,1,7.805182641273806e-05
mysticism,1,7.805182641273806e-05
mystical,1,7.805182641273806e-05
mystic,1,7.805182641273806e-05
mutually,1,7.805182641273806e-05
musical,1,7.805182641273806e-05
murray,1,7.805182641273806e-05
multiplicity,1,7.805182641273806e-05
multiplication,1,7.805182641273806e-05
movements,1,7.805182641273806e-05
moved,1,7.805182641273806e-05
native,1,7.805182641273806e-05
papers,1,7.805182641273806e-05
indirect,1,7.805182641273806e-05
indestructible,1,7.805182641273806e-05
file,1,7.805182641273806e-05
feverish,1,7.805182641273806e-05
fetters,1,7.805182641273806e-05
feeds,1,7.805182641273806e-05
fed,1,7.805182641273806e-05
features,1,7.805182641273806e-05
fear,1,7.805182641273806e-05
favouritism,1,7.805182641273806e-05
fatal,1,7.805182641273806e-05
fast,1,7.805182641273806e-05
fancy,1,7.805182641273806e-05
family,1,7.805182641273806e-05
falsified,1,7.805182641273806e-05
falls,1,7.805182641273806e-05
fallible,1,7.805182641273806e-05
fallacy,1,7.805182641273806e-05
fallacies,1,7.805182641273806e-05
faintness,1,7.805182641273806e-05
fainter,1,7.805182641273806e-05
failing,1,7.805182641273806e-05
faculty,1,7.805182641273806e-05
facility,1,7.805182641273806e-05
fabric,1,7.805182641273806e-05
files,1,7.805182641273806e-05
extrinsic,1,7.805182641273806e-05
financial,1,7.805182641273806e-05
fitness,1,7.805182641273806e-05
fragments,1,7.805182641273806e-05
fragment,1,7.805182641273806e-05
fourth,1,7.805182641273806e-05
fostered,1,7.805182641273806e-05
forwards,1,7.805182641273806e-05
fortune,1,7.805182641273806e-05
fortuitous,1,7.805182641273806e-05
fortress,1,7.805182641273806e-05
formats,1,7.805182641273806e-05
formally,1,7.805182641273806e-05
formal,1,7.805182641273806e-05
forks,1,7.805182641273806e-05
forgotten,1,7.805182641273806e-05
forgo,1,7.805182641273806e-05
forgetting,1,7.805182641273806e-05
forget,1,7.805182641273806e-05
forces,1,7.805182641273806e-05
force,1,7.805182641273806e-05
football,1,7.805182641273806e-05
foolish,1,7.805182641273806e-05
foes,1,7.805182641273806e-05
flash,1,7.805182641273806e-05
fixed,1,7.805182641273806e-05
fine,1,7.805182641273806e-05
extensive,1,7.805182641273806e-05
extends,1,7.805182641273806e-05
extend,1,7.805182641273806e-05
enter,1,7.805182641273806e-05
entangled,1,7.805182641273806e-05
entails,1,7.805182641273806e-05
ensuring,1,7.805182641273806e-05
enrich,1,7.805182641273806e-05
enormously,1,7.805182641273806e-05
enlarges,1,7.805182641273806e-05
enlarged,1,7.805182641273806e-05
english,1,7.805182641273806e-05
england,1,7.805182641273806e-05
engendered,1,7.805182641273806e-05
engagement,1,7.805182641273806e-05
employs,1,7.805182641273806e-05
employees,1,7.805182641273806e-05
employee,1,7.805182641273806e-05
emphatically,1,7.805182641273806e-05
emphasized,1,7.805182641273806e-05
emitting,1,7.805182641273806e-05
emitted,1,7.805182641273806e-05
emerges,1,7.805182641273806e-05
emerged,1,7.805182641273806e-05
embark,1,7.805182641273806e-05
elucidation,1,7.805182641273806e-05
entertaining,1,7.805182641273806e-05
enumerated,1,7.805182641273806e-05
enumeration,1,7.805182641273806e-05
enunciated,1,7.805182641273806e-05
expressions,1,7.805182641273806e-05
exporting,1,7.805182641273806e-05
exponents,1,7.805182641273806e-05
exploring,1,7.805182641273806e-05
explored,1,7.805182641273806e-05
explicitly,1,7.805182641273806e-05
expense,1,7.805182641273806e-05
expend,1,7.805182641273806e-05
existent,1,7.805182641273806e-05
exemplify,1,7.805182641273806e-05
exclusion,1,7.805182641273806e-05
framework,1,7.805182641273806e-05
excluding,1,7.805182641273806e-05
examines,1,7.805182641273806e-05
exact,1,7.805182641273806e-05
everyday,1,7.805182641273806e-05
europe,1,7.805182641273806e-05
euclid,1,7.805182641273806e-05
eternally,1,7.805182641273806e-05
eternal,1,7.805182641273806e-05
estimated,1,7.805182641273806e-05
ergo,1,7.805182641273806e-05
equivocation,1,7.805182641273806e-05
equal,1,7.805182641273806e-05
exceedingly,1,7.805182641273806e-05
indicating,1,7.805182641273806e-05
friend,1,7.805182641273806e-05
frightened,1,7.805182641273806e-05
illusory,1,7.805182641273806e-05
illusoriness,1,7.805182641273806e-05
illumination,1,7.805182641273806e-05
iii,1,7.805182641273806e-05
ignorant,1,7.805182641273806e-05
ignorance,1,7.805182641273806e-05
ides,1,7.805182641273806e-05
identity,1,7.805182641273806e-05
identification,1,7.805182641273806e-05
hypertext,1,7.805182641273806e-05
hundreds,1,7.805182641273806e-05
hot,1,7.805182641273806e-05
host,1,7.805182641273806e-05
horrors,1,7.805182641273806e-05
hopeless,1,7.805182641273806e-05
hoped,1,7.805182641273806e-05
hoofs,1,7.805182641273806e-05
honour,1,7.805182641273806e-05
historically,1,7.805182641273806e-05
historic,1,7.805182641273806e-05
historian,1,7.805182641273806e-05
hinder,1,7.805182641273806e-05
hills,1,7.805182641273806e-05
illustrated,1,7.805182641273806e-05
hides,1,7.805182641273806e-05
illustrations,1,7.805182641273806e-05
immutable,1,7.805182641273806e-05
independence,1,7.805182641273806e-05
indemnity,1,7.805182641273806e-05
indemnify,1,7.805182641273806e-05
indefinitely,1,7.805182641273806e-05
incredulous,1,7.805182641273806e-05
increasing,1,7.805182641273806e-05
increase,1,7.805182641273806e-05
inconsistency,1,7.805182641273806e-05
inconsistencies,1,7.805182641273806e-05
incompatible,1,7.805182641273806e-05
includes,1,7.805182641273806e-05
inclination,1,7.805182641273806e-05
incidental,1,7.805182641273806e-05
inaccurate,1,7.805182641273806e-05
imprisoned,1,7.805182641273806e-05
impression,1,7.805182641273806e-05
impose,1,7.805182641273806e-05
impersonal,1,7.805182641273806e-05
impenetrable,1,7.805182641273806e-05
impartially,1,7.805182641273806e-05
impartial,1,7.805182641273806e-05
impairs,1,7.805182641273806e-05
impaired,1,7.805182641273806e-05
immanuel,1,7.805182641273806e-05
hesitatingly,1,7.805182641273806e-05
heretofore,1,7.805182641273806e-05
henry,1,7.805182641273806e-05
gratuitous,1,7.805182641273806e-05
gratefully,1,7.805182641273806e-05
grasp,1,7.805182641273806e-05
grapple,1,7.805182641273806e-05
grain,1,7.805182641273806e-05
gradations,1,7.805182641273806e-05
gordon,1,7.805182641273806e-05
goodwill,1,7.805182641273806e-05
goals,1,7.805182641273806e-05
globe,1,7.805182641273806e-05
glasses,1,7.805182641273806e-05
glance,1,7.805182641273806e-05
gilbert,1,7.805182641273806e-05
george,1,7.805182641273806e-05
georg,1,7.805182641273806e-05
geology,1,7.805182641273806e-05
geography,1,7.805182641273806e-05
genuinely,1,7.805182641273806e-05
generality,1,7.805182641273806e-05
garrison,1,7.805182641273806e-05
gain,1,7.805182641273806e-05
fulfils,1,7.805182641273806e-05
fulfilment,1,7.805182641273806e-05
gravely,1,7.805182641273806e-05
greeks,1,7.805182641273806e-05
greens,1,7.805182641273806e-05
greeny,1,7.805182641273806e-05
helpful,1,7.805182641273806e-05
heavens,1,7.805182641273806e-05
heaven,1,7.805182641273806e-05
heartbeats,1,7.805182641273806e-05
hatreds,1,7.805182641273806e-05
hatred,1,7.805182641273806e-05
hates,1,7.805182641273806e-05
hart,1,7.805182641273806e-05
harmony,1,7.805182641273806e-05
harmless,1,7.805182641273806e-05
harm,1,7.805182641273806e-05
friends,1,7.805182641273806e-05
hardnesses,1,7.805182641273806e-05
handbooks,1,7.805182641273806e-05
halves,1,7.805182641273806e-05
hair,1,7.805182641273806e-05
habitually,1,7.805182641273806e-05
habitual,1,7.805182641273806e-05
habits,1,7.805182641273806e-05
guide,1,7.805182641273806e-05
guarded,1,7.805182641273806e-05
growing,1,7.805182641273806e-05
grow,1,7.805182641273806e-05
groundless,1,7.805182641273806e-05
happiness,1,7.805182641273806e-05
paperwork,1,7.805182641273806e-05
paradoxes,1,7.805182641273806e-05
paradoxical,1,7.805182641273806e-05
term,1,7.805182641273806e-05
tenet,1,7.805182641273806e-05
tending,1,7.805182641273806e-05
tempted,1,7.805182641273806e-05
temperaments,1,7.805182641273806e-05
temper,1,7.805182641273806e-05
telegram,1,7.805182641273806e-05
taxes,1,7.805182641273806e-05
taught,1,7.805182641273806e-05
tasting,1,7.805182641273806e-05
task,1,7.805182641273806e-05
tap,1,7.805182641273806e-05
tactile,1,7.805182641273806e-05
tablecloth,1,7.805182641273806e-05
systematize,1,7.805182641273806e-05
synonymous,1,7.805182641273806e-05
swift,1,7.805182641273806e-05
sweet,1,7.805182641273806e-05
swamp,1,7.805182641273806e-05
suspended,1,7.805182641273806e-05
surviving,1,7.805182641273806e-05
survive,1,7.805182641273806e-05
surveys,1,7.805182641273806e-05
texts,1,7.805182641273806e-05
surrounded,1,7.805182641273806e-05
texture,1,7.805182641273806e-05
thesis,1,7.805182641273806e-05
treated,1,7.805182641273806e-05
travels,1,7.805182641273806e-05
transitory,1,7.805182641273806e-05
transform,1,7.805182641273806e-05
transfer,1,7.805182641273806e-05
transcription,1,7.805182641273806e-05
transcribe,1,7.805182641273806e-05
trammels,1,7.805182641273806e-05
trains,1,7.805182641273806e-05
traditional,1,7.805182641273806e-05
touches,1,7.805182641273806e-05
total,1,7.805182641273806e-05
topics,1,7.805182641273806e-05
toothache,1,7.805182641273806e-05
tongue,1,7.805182641273806e-05
tolerably,1,7.805182641273806e-05
title,1,7.805182641273806e-05
tincture,1,7.805182641273806e-05
timeless,1,7.805182641273806e-05
thwarting,1,7.805182641273806e-05
throws,1,7.805182641273806e-05
throw,1,7.805182641273806e-05
thraldom,1,7.805182641273806e-05
theses,1,7.805182641273806e-05
surrender,1,7.805182641273806e-05
surprised,1,7.805182641273806e-05
supra,1,7.805182641273806e-05
straightforward,1,7.805182641273806e-05
stored,1,7.805182641273806e-05
stone,1,7.805182641273806e-05
step,1,7.805182641273806e-05
starts,1,7.805182641273806e-05
started,1,7.805182641273806e-05
stages,1,7.805182641273806e-05
staff,1,7.805182641273806e-05
sprang,1,7.805182641273806e-05
spoons,1,7.805182641273806e-05
spoke,1,7.805182641273806e-05
speech,1,7.805182641273806e-05
speculative,1,7.805182641273806e-05
spectacles,1,7.805182641273806e-05
species,1,7.805182641273806e-05
specially,1,7.805182641273806e-05
south,1,7.805182641273806e-05
sour,1,7.805182641273806e-05
soul,1,7.805182641273806e-05
sophistry,1,7.805182641273806e-05
somebody's,1,7.805182641273806e-05
solving,1,7.805182641273806e-05
solves,1,7.805182641273806e-05
strangeness,1,7.805182641273806e-05
stranger,1,7.805182641273806e-05
strangest,1,7.805182641273806e-05
strike,1,7.805182641273806e-05
supplied,1,7.805182641273806e-05
sunset,1,7.805182641273806e-05
sun's,1,7.805182641273806e-05
suggestions,1,7.805182641273806e-05
suggestion,1,7.805182641273806e-05
sufficed,1,7.805182641273806e-05
suffering,1,7.805182641273806e-05
successively,1,7.805182641273806e-05
success,1,7.805182641273806e-05
subsumptions,1,7.805182641273806e-05
subsumed,1,7.805182641273806e-05
treating,1,7.805182641273806e-05
subsequently,1,7.805182641273806e-05
subscribe,1,7.805182641273806e-05
sublime,1,7.805182641273806e-05
studies,1,7.805182641273806e-05
struldbugs,1,7.805182641273806e-05
struggling,1,7.805182641273806e-05
structure,1,7.805182641273806e-05
struck,1,7.805182641273806e-05
striving,1,7.805182641273806e-05
strives,1,7.805182641273806e-05
striking,1,7.805182641273806e-05
strikes,1,7.805182641273806e-05
subsequent,1,7.805182641273806e-05
solve,1,7.805182641273806e-05
treatment,1,7.805182641273806e-05
trifling,1,7.805182641273806e-05
void,1,7.805182641273806e-05
voices,1,7.805182641273806e-05
voice,1,7.805182641273806e-05
virus,1,7.805182641273806e-05
virtuous,1,7.805182641273806e-05
violent,1,7.805182641273806e-05
violates,1,7.805182641273806e-05
vindicate,1,7.805182641273806e-05
viii,1,7.805182641273806e-05
viewing,1,7.805182641273806e-05
version,1,7.805182641273806e-05
verification,1,7.805182641273806e-05
veil,1,7.805182641273806e-05
vast,1,7.805182641273806e-05
varying,1,7.805182641273806e-05
variously,1,7.805182641273806e-05
variety,1,7.805182641273806e-05
variations,1,7.805182641273806e-05
variable,1,7.805182641273806e-05
valleys,1,7.805182641273806e-05
vain,1,7.805182641273806e-05
vaguer,1,7.805182641273806e-05
vagueness,1,7.805182641273806e-05
volume,1,7.805182641273806e-05
ut,1,7.805182641273806e-05
volunteer,1,7.805182641273806e-05
walk,1,7.805182641273806e-05
xv,1,7.805182641273806e-05
xiv,1,7.805182641273806e-05
xiii,1,7.805182641273806e-05
xii,1,7.805182641273806e-05
writers,1,7.805182641273806e-05
wrings,1,7.805182641273806e-05
worst,1,7.805182641273806e-05
wore,1,7.805182641273806e-05
wooden,1,7.805182641273806e-05
wonderful,1,7.805182641273806e-05
wise,1,7.805182641273806e-05
window,1,7.805182641273806e-05
whitehead,1,7.805182641273806e-05
weight,1,7.805182641273806e-05
weather,1,7.805182641273806e-05
wearing,1,7.805182641273806e-05
wear,1,7.805182641273806e-05
waterloo,1,7.805182641273806e-05
waste,1,7.805182641273806e-05
warrants,1,7.805182641273806e-05
walls,1,7.805182641273806e-05
walled,1,7.805182641273806e-05
walks,1,7.805182641273806e-05
voyage,1,7.805182641273806e-05
usage,1,7.805182641273806e-05
urges,1,7.805182641273806e-05
upstairs,1,7.805182641273806e-05
underlies,1,7.805182641273806e-05
underlie,1,7.805182641273806e-05
undeniably,1,7.805182641273806e-05
undeniable,1,7.805182641273806e-05
unconscious,1,7.805182641273806e-05
uncommon,1,7.805182641273806e-05
uncomfortable,1,7.805182641273806e-05
unchanging,1,7.805182641273806e-05
unchanged,1,7.805182641273806e-05
uncertain,1,7.805182641273806e-05
unattainable,1,7.805182641273806e-05
unaffected,1,7.805182641273806e-05
unaccustomed,1,7.805182641273806e-05
tyranny,1,7.805182641273806e-05
typical,1,7.805182641273806e-05
types,1,7.805182641273806e-05
type,1,7.805182641273806e-05
tuning,1,7.805182641273806e-05
trusted,1,7.805182641273806e-05
troubles,1,7.805182641273806e-05
troubled,1,7.805182641273806e-05
trouble,1,7.805182641273806e-05
trotting,1,7.805182641273806e-05
understanding,1,7.805182641273806e-05
undertake,1,7.805182641273806e-05
undiminished,1,7.805182641273806e-05
undue,1,7.805182641273806e-05
upset,1,7.805182641273806e-05
unwise,1,7.805182641273806e-05
unwarrantable,1,7.805182641273806e-05
unusual,1,7.805182641273806e-05
unsuspected,1,7.805182641273806e-05
unsound,1,7.805182641273806e-05
unsolved,1,7.805182641273806e-05
unsolicited,1,7.805182641273806e-05
unsafe,1,7.805182641273806e-05
unreflective,1,7.805182641273806e-05
unreflectingly,1,7.805182641273806e-05
triangularity,1,7.805182641273806e-05
unpublished,1,7.805182641273806e-05
unplausible,1,7.805182641273806e-05
unlink,1,7.805182641273806e-05
unlearn,1,7.805182641273806e-05
university,1,7.805182641273806e-05
uniting,1,7.805182641273806e-05
unites,1,7.805182641273806e-05
unimportant,1,7.805182641273806e-05
unexperienced,1,7.805182641273806e-05
unexpectedly,1,7.805182641273806e-05
unenforceability,1,7.805182641273806e-05
uneducated,1,7.805182641273806e-05
unprotected,1,7.805182641273806e-05
solid,1,7.805182641273806e-05
solicitation,1,7.805182641273806e-05
sold,1,7.805182641273806e-05
pronounce,1,7.805182641273806e-05
promotion,1,7.805182641273806e-05
promote,1,7.805182641273806e-05
prolonged,1,7.805182641273806e-05
prohibition,1,7.805182641273806e-05
progressively,1,7.805182641273806e-05
progress,1,7.805182641273806e-05
profoundest,1,7.805182641273806e-05
profits,1,7.805182641273806e-05
profited,1,7.805182641273806e-05
profitable,1,7.805182641273806e-05
profit,1,7.805182641273806e-05
products,1,7.805182641273806e-05
production,1,7.805182641273806e-05
producing,1,7.805182641273806e-05
processing,1,7.805182641273806e-05
processes,1,7.805182641273806e-05
proceeds,1,7.805182641273806e-05
proceeded,1,7.805182641273806e-05
primitive,1,7.805182641273806e-05
prevent,1,7.805182641273806e-05
pretty,1,7.805182641273806e-05
presupposed,1,7.805182641273806e-05
proofread,1,7.805182641273806e-05
presumption,1,7.805182641273806e-05
proposed,1,7.805182641273806e-05
provision,1,7.805182641273806e-05
recognizes,1,7.805182641273806e-05
receiving,1,7.805182641273806e-05
reappear,1,7.805182641273806e-05
realized,1,7.805182641273806e-05
realization,1,7.805182641273806e-05
readers,1,7.805182641273806e-05
readable,1,7.805182641273806e-05
rationality,1,7.805182641273806e-05
rationalist,1,7.805182641273806e-05
rapping,1,7.805182641273806e-05
ranging,1,7.805182641273806e-05
range,1,7.805182641273806e-05
quibbling,1,7.805182641273806e-05
puzzling,1,7.805182641273806e-05
pushed,1,7.805182641273806e-05
pursue,1,7.805182641273806e-05
punitive,1,7.805182641273806e-05
psychology,1,7.805182641273806e-05
psychologically,1,7.805182641273806e-05
prussia,1,7.805182641273806e-05
prudent,1,7.805182641273806e-05
provisions,1,7.805182641273806e-05
provisionally,1,7.805182641273806e-05
proprietary,1,7.805182641273806e-05
pressures,1,7.805182641273806e-05
pressure,1,7.805182641273806e-05
pressing,1,7.805182641273806e-05
philosopher's,1,7.805182641273806e-05
phenomenon,1,7.805182641273806e-05
phantasmagoria,1,7.805182641273806e-05
pglaf,1,7.805182641273806e-05
perturbed,1,7.805182641273806e-05
persuading,1,7.805182641273806e-05
persuaded,1,7.805182641273806e-05
perspective,1,7.805182641273806e-05
persons,1,7.805182641273806e-05
perpetual,1,7.805182641273806e-05
permanence,1,7.805182641273806e-05
periodic,1,7.805182641273806e-05
performances,1,7.805182641273806e-05
perfection,1,7.805182641273806e-05
peculiarly,1,7.805182641273806e-05
peculiar,1,7.805182641273806e-05
peace,1,7.805182641273806e-05
pay,1,7.805182641273806e-05
pausing,1,7.805182641273806e-05
passes,1,7.805182641273806e-05
passage,1,7.805182641273806e-05
party,1,7.805182641273806e-05
partially,1,7.805182641273806e-05
philosophize,1,7.805182641273806e-05
physics,1,7.805182641273806e-05
physiological,1,7.805182641273806e-05
physiology,1,7.805182641273806e-05
preservation,1,7.805182641273806e-05
presence,1,7.805182641273806e-05
prescribe,1,7.805182641273806e-05
preparing,1,7.805182641273806e-05
preferable,1,7.805182641273806e-05
preface,1,7.805182641273806e-05
precisely,1,7.805182641273806e-05
pre,1,7.805182641273806e-05
practised,1,7.805182641273806e-05
practice,1,7.805182641273806e-05
powers,1,7.805182641273806e-05
recombines,1,7.805182641273806e-05
powerlessness,1,7.805182641273806e-05
possession,1,7.805182641273806e-05
possessed,1,7.805182641273806e-05
possess,1,7.805182641273806e-05
positively,1,7.805182641273806e-05
poisonous,1,7.805182641273806e-05
playing,1,7.805182641273806e-05
plausibility,1,7.805182641273806e-05
planet,1,7.805182641273806e-05
plane,1,7.805182641273806e-05
placing,1,7.805182641273806e-05
pink,1,7.805182641273806e-05
poverty,1,7.805182641273806e-05
reconcile,1,7.805182641273806e-05
reconstructed,1,7.805182641273806e-05
recorded,1,7.805182641273806e-05
sections,1,7.805182641273806e-05
searches,1,7.805182641273806e-05
sea,1,7.805182641273806e-05
schoolmen,1,7.805182641273806e-05
sceptics,1,7.805182641273806e-05
sceptical,1,7.805182641273806e-05
sceptic,1,7.805182641273806e-05
scaffold,1,7.805182641273806e-05
save,1,7.805182641273806e-05
satisfying,1,7.805182641273806e-05
satisfaction,1,7.805182641273806e-05
samples,1,7.805182641273806e-05
salt,1,7.805182641273806e-05
runs,1,7.805182641273806e-05
roused,1,7.805182641273806e-05
rouse,1,7.805182641273806e-05
rounded,1,7.805182641273806e-05
roundabout,1,7.805182641273806e-05
roughly,1,7.805182641273806e-05
rotating,1,7.805182641273806e-05
rotate,1,7.805182641273806e-05
rooted,1,7.805182641273806e-05
roof,1,7.805182641273806e-05
secures,1,7.805182641273806e-05
seldom,1,7.805182641273806e-05
send,1,7.805182641273806e-05
sending,1,7.805182641273806e-05
society,1,7.805182641273806e-05
sober,1,7.805182641273806e-05
smells,1,7.805182641273806e-05
smelling,1,7.805182641273806e-05
slowly,1,7.805182641273806e-05
sleeping,1,7.805182641273806e-05
skeleton,1,7.805182641273806e-05
situated,1,7.805182641273806e-05
sir,1,7.805182641273806e-05
simplify,1,7.805182641273806e-05
shortly,1,7.805182641273806e-05
roman,1,7.805182641273806e-05
short,1,7.805182641273806e-05
shiny,1,7.805182641273806e-05
sheets,1,7.805182641273806e-05
sharp,1,7.805182641273806e-05
sharing,1,7.805182641273806e-05
shadow,1,7.805182641273806e-05
severe,1,7.805182641273806e-05
seventeenth,1,7.805182641273806e-05
sets,1,7.805182641273806e-05
serve,1,7.805182641273806e-05
sequel,1,7.805182641273806e-05
separated,1,7.805182641273806e-05
shock,1,7.805182641273806e-05
elements,1,7.805182641273806e-05
robbing,1,7.805182641273806e-05
rival,1,7.805182641273806e-05
renounce,1,7.805182641273806e-05
renamed,1,7.805182641273806e-05
removes,1,7.805182641273806e-05
removal,1,7.805182641273806e-05
remoter,1,7.805182641273806e-05
remote,1,7.805182641273806e-05
remedies,1,7.805182641273806e-05
remarks,1,7.805182641273806e-05
remarkably,1,7.805182641273806e-05
religion,1,7.805182641273806e-05
reliable,1,7.805182641273806e-05
release,1,7.805182641273806e-05
relational,1,7.805182641273806e-05
relate,1,7.805182641273806e-05
rejection,1,7.805182641273806e-05
regulating,1,7.805182641273806e-05
regress,1,7.805182641273806e-05
refutable,1,7.805182641273806e-05
reflecting,1,7.805182641273806e-05
refined,1,7.805182641273806e-05
reducible,1,7.805182641273806e-05
reduce,1,7.805182641273806e-05
redistribute,1,7.805182641273806e-05
repeat,1,7.805182641273806e-05
repeatedly,1,7.805182641273806e-05
repetition,1,7.805182641273806e-05
replaced,1,7.805182641273806e-05
rigid,1,7.805182641273806e-05
revolution,1,7.805182641273806e-05
review,1,7.805182641273806e-05
revert,1,7.805182641273806e-05
reversed,1,7.805182641273806e-05
revenue,1,7.805182641273806e-05
revealed,1,7.805182641273806e-05
returns,1,7.805182641273806e-05
returning,1,7.805182641273806e-05
retort,1,7.805182641273806e-05
retained,1,7.805182641273806e-05
rob,1,7.805182641273806e-05
retain,1,7.805182641273806e-05
resting,1,7.805182641273806e-05
restate,1,7.805182641273806e-05
residue,1,7.805182641273806e-05
resemblances,1,7.805182641273806e-05
request,1,7.805182641273806e-05
representing,1,7.805182641273806e-05
representative,1,7.805182641273806e-05
representations,1,7.805182641273806e-05
represent,1,7.805182641273806e-05
reports,1,7.805182641273806e-05
reported,1,7.805182641273806e-05
restricted,1,7.805182641273806e-05
elementary,1,7.805182641273806e-05
york,1,7.805182641273806e-05
begun,1,7.805182641273806e-05
deletions,1,7.805182641273806e-05
deliberate,1,7.805182641273806e-05
broken,1,7.805182641273806e-05
delightful,1,7.805182641273806e-05
british,1,7.805182641273806e-05
delusion,1,7.805182641273806e-05
brightness,1,7.805182641273806e-05
demanding,1,7.805182641273806e-05
brighter,1,7.805182641273806e-05
demonstrably,1,7.805182641273806e-05
briefest,1,7.805182641273806e-05
brick,1,7.805182641273806e-05
bradley,1,7.805182641273806e-05
build,1,7.805182641273806e-05
demonstrative,1,7.805182641273806e-05
bounds,1,7.805182641273806e-05
denies,1,7.805182641273806e-05
dentist,1,7.805182641273806e-05
dependence,1,7.805182641273806e-05
borne,1,7.805182641273806e-05
bored,1,7.805182641273806e-05
bone,1,7.805182641273806e-05
bolder,1,7.805182641273806e-05
blank,1,7.805182641273806e-05
binds,1,7.805182641273806e-05
depending,1,7.805182641273806e-05
binary,1,7.805182641273806e-05
bigger,1,7.805182641273806e-05
demonstratively,1,7.805182641273806e-05
bid,1,7.805182641273806e-05
builder,1,7.805182641273806e-05
definitions,1,7.805182641273806e-05
deceptive,1,7.805182641273806e-05
categories,1,7.805182641273806e-05
catching,1,7.805182641273806e-05
decides,1,7.805182641273806e-05
catalogued,1,7.805182641273806e-05
catalogue,1,7.805182641273806e-05
deciding,1,7.805182641273806e-05
carry,1,7.805182641273806e-05
carelessly,1,7.805182641273806e-05
decision,1,7.805182641273806e-05
declared,1,7.805182641273806e-05
careful,1,7.805182641273806e-05
card,1,7.805182641273806e-05
buildings,1,7.805182641273806e-05
cantor,1,7.805182641273806e-05
deducing,1,7.805182641273806e-05
deductible,1,7.805182641273806e-05
camps,1,7.805182641273806e-05
deeds,1,7.805182641273806e-05
deeply,1,7.805182641273806e-05
defeated,1,7.805182641273806e-05
campbell,1,7.805182641273806e-05
calm,1,7.805182641273806e-05
defensible,1,7.805182641273806e-05
defined,1,7.805182641273806e-05
calculated,1,7.805182641273806e-05
definiteness,1,7.805182641273806e-05
calculate,1,7.805182641273806e-05
candid,1,7.805182641273806e-05
december,1,7.805182641273806e-05
bibliographical,1,7.805182641273806e-05
bell,1,7.805182641273806e-05
avoided,1,7.805182641273806e-05
author,1,7.805182641273806e-05
determines,1,7.805182641273806e-05
attributing,1,7.805182641273806e-05
development,1,7.805182641273806e-05
developments,1,7.805182641273806e-05
attitude,1,7.805182641273806e-05
attested,1,7.805182641273806e-05
diary,1,7.805182641273806e-05
dictionary,1,7.805182641273806e-05
die,1,7.805182641273806e-05
attainable,1,7.805182641273806e-05
attain,1,7.805182641273806e-05
avoiding,1,7.805182641273806e-05
attack,1,7.805182641273806e-05
atoms,1,7.805182641273806e-05
atheists,1,7.805182641273806e-05
ate,1,7.805182641273806e-05
diminish,1,7.805182641273806e-05
diminished,1,7.805182641273806e-05
astray,1,7.805182641273806e-05
diminishes,1,7.805182641273806e-05
assured,1,7.805182641273806e-05
assure,1,7.805182641273806e-05
assurance,1,7.805182641273806e-05
assumptions,1,7.805182641273806e-05
dined,1,7.805182641273806e-05
dinner,1,7.805182641273806e-05
attached,1,7.805182641273806e-05
bewildering,1,7.805182641273806e-05
detach,1,7.805182641273806e-05
destroys,1,7.805182641273806e-05
beleagured,1,7.805182641273806e-05
behaviour,1,7.805182641273806e-05
behave,1,7.805182641273806e-05
descend,1,7.805182641273806e-05
describes,1,7.805182641273806e-05
begs,1,7.805182641273806e-05
beginner,1,7.805182641273806e-05
begging,1,7.805182641273806e-05
describing,1,7.805182641273806e-05
beg,1,7.805182641273806e-05
descriptive,1,7.805182641273806e-05
bed,1,7.805182641273806e-05
desert,1,7.805182641273806e-05
destructive,1,7.805182641273806e-05
deserts,1,7.805182641273806e-05
deserving,1,7.805182641273806e-05
designate,1,7.805182641273806e-05
desirability,1,7.805182641273806e-05
desirable,1,7.805182641273806e-05
barrier,1,7.805182641273806e-05
bar,1,7.805182641273806e-05
bannerman,1,7.805182641273806e-05
banging,1,7.805182641273806e-05
desiring,1,7.805182641273806e-05
desirous,1,7.805182641273806e-05
baldness,1,7.805182641273806e-05
destroyed,1,7.805182641273806e-05
babies,1,7.805182641273806e-05
deserves,1,7.805182641273806e-05
deceive,1,7.805182641273806e-05
deceitful,1,7.805182641273806e-05
debated,1,7.805182641273806e-05
contrast,1,7.805182641273806e-05
contributed,1,7.805182641273806e-05
contribution,1,7.805182641273806e-05
conflict,1,7.805182641273806e-05
confirms,1,7.805182641273806e-05
confirmed,1,7.805182641273806e-05
confirmation,1,7.805182641273806e-05
confining,1,7.805182641273806e-05
convenient,1,7.805182641273806e-05
confine,1,7.805182641273806e-05
converged,1,7.805182641273806e-05
conversation,1,7.805182641273806e-05
confess,1,7.805182641273806e-05
conformity,1,7.805182641273806e-05
conduct,1,7.805182641273806e-05
condemns,1,7.805182641273806e-05
concourse,1,7.805182641273806e-05
concluded,1,7.805182641273806e-05
convincing,1,7.805182641273806e-05
concentrate,1,7.805182641273806e-05
conceivably,1,7.805182641273806e-05
cool,1,7.805182641273806e-05
conceivable,1,7.805182641273806e-05
compressed,1,7.805182641273806e-05
completed,1,7.805182641273806e-05
corporation,1,7.805182641273806e-05
complement,1,7.805182641273806e-05
compilation,1,7.805182641273806e-05
convert,1,7.805182641273806e-05
competent,1,7.805182641273806e-05
confused,1,7.805182641273806e-05
confusions,1,7.805182641273806e-05
contemplative,1,7.805182641273806e-05
contemptuously,1,7.805182641273806e-05
contended,1,7.805182641273806e-05
contemplated,1,7.805182641273806e-05
contention,1,7.805182641273806e-05
contentions,1,7.805182641273806e-05
constructive,1,7.805182641273806e-05
constructions,1,7.805182641273806e-05
constructing,1,7.805182641273806e-05
constructed,1,7.805182641273806e-05
construct,1,7.805182641273806e-05
constituting,1,7.805182641273806e-05
continental,1,7.805182641273806e-05
confusing,1,7.805182641273806e-05
consisted,1,7.805182641273806e-05
consequences,1,7.805182641273806e-05
consent,1,7.805182641273806e-05
continued,1,7.805182641273806e-05
connects,1,7.805182641273806e-05
continuing,1,7.805182641273806e-05
continuous,1,7.805182641273806e-05
continuously,1,7.805182641273806e-05
connecting,1,7.805182641273806e-05
contract,1,7.805182641273806e-05
conjecture,1,7.805182641273806e-05
contradict,1,7.805182641273806e-05
confute,1,7.805182641273806e-05
contradictory,1,7.805182641273806e-05
consequential,1,7.805182641273806e-05
comparing,1,7.805182641273806e-05
compared,1,7.805182641273806e-05
correctly,1,7.805182641273806e-05
criterion,1,7.805182641273806e-05
citizenship,1,7.805182641273806e-05
citizens,1,7.805182641273806e-05
chosen,1,7.805182641273806e-05
criticisms,1,7.805182641273806e-05
choice,1,7.805182641273806e-05
criticized,1,7.805182641273806e-05
chimaera,1,7.805182641273806e-05
child,1,7.805182641273806e-05
crudely,1,7.805182641273806e-05
current,1,7.805182641273806e-05
custom,1,7.805182641273806e-05
customary,1,7.805182641273806e-05
creation,1,7.805182641273806e-05
checks,1,7.805182641273806e-05
cutting,1,7.805182641273806e-05
charities,1,7.805182641273806e-05
charitable,1,7.805182641273806e-05
damaged,1,7.805182641273806e-05
danger,1,7.805182641273806e-05
changed,1,7.805182641273806e-05
changeable,1,7.805182641273806e-05
dates,1,7.805182641273806e-05
chance,1,7.805182641273806e-05
century,1,7.805182641273806e-05
centuries,1,7.805182641273806e-05
causing,1,7.805182641273806e-05
debate,1,7.805182641273806e-05
cut,1,7.805182641273806e-05
clash,1,7.805182641273806e-05
clashes,1,7.805182641273806e-05
clean,1,7.805182641273806e-05
compare,1,7.805182641273806e-05
comparative,1,7.805182641273806e-05
community,1,7.805182641273806e-05
correlative,1,7.805182641273806e-05
communicate,1,7.805182641273806e-05
corresponded,1,7.805182641273806e-05
corrupt,1,7.805182641273806e-05
commit,1,7.805182641273806e-05
commercial,1,7.805182641273806e-05
counterparts,1,7.805182641273806e-05
coming,1,7.805182641273806e-05
countless,1,7.805182641273806e-05
countries,1,7.805182641273806e-05
combine,1,7.805182641273806e-05
combination,1,7.805182641273806e-05
colony,1,7.805182641273806e-05
collective,1,7.805182641273806e-05
coins,1,7.805182641273806e-05
coin,1,7.805182641273806e-05
cranny,1,7.805182641273806e-05
cohere,1,7.805182641273806e-05
codes,1,7.805182641273806e-05
coalesce,1,7.805182641273806e-05
clouds,1,7.805182641273806e-05
closes,1,7.805182641273806e-05
closer,1,7.805182641273806e-05
closed,1,7.805182641273806e-05
clock,1,7.805182641273806e-05
creates,1,7.805182641273806e-05
directions,1,7.805182641273806e-05
directs,1,7.805182641273806e-05
contemplating,1,7.805182641273806e-05
akin,1,7.805182641273806e-05
anticipating,1,7.805182641273806e-05
anticipate,1,7.805182641273806e-05
activity,1,7.805182641273806e-05
duly,1,7.805182641273806e-05
distributor,1,7.805182641273806e-05
announcement,1,7.805182641273806e-05
diverge,1,7.805182641273806e-05
divest,1,7.805182641273806e-05
drives,1,7.805182641273806e-05
acute,1,7.805182641273806e-05
divide,1,7.805182641273806e-05
animal,1,7.805182641273806e-05
anatomist,1,7.805182641273806e-05
adapts,1,7.805182641273806e-05
divided,1,7.805182641273806e-05
adding,1,7.805182641273806e-05
analyses,1,7.805182641273806e-05
divisibility,1,7.805182641273806e-05
analyse,1,7.805182641273806e-05
anticipation,1,7.805182641273806e-05
drive,1,7.805182641273806e-05
anybody's,1,7.805182641273806e-05
appearances,1,7.805182641273806e-05
approaching,1,7.805182641273806e-05
approaches,1,7.805182641273806e-05
accounting,1,7.805182641273806e-05
easiest,1,7.805182641273806e-05
apprehends,1,7.805182641273806e-05
apportions,1,7.805182641273806e-05
distinctly,1,7.805182641273806e-05
applied,1,7.805182641273806e-05
accurate,1,7.805182641273806e-05
accusative,1,7.805182641273806e-05
application,1,7.805182641273806e-05
achieve,1,7.805182641273806e-05
distinguishes,1,7.805182641273806e-05
achieves,1,7.805182641273806e-05
appetite,1,7.805182641273806e-05
appearing,1,7.805182641273806e-05
distorts,1,7.805182641273806e-05
acquiesce,1,7.805182641273806e-05
acquiescence,1,7.805182641273806e-05
acquisition,1,7.805182641273806e-05
analogous,1,7.805182641273806e-05
amply,1,7.805182641273806e-05
address,1,7.805182641273806e-05
donors,1,7.805182641273806e-05
admitting,1,7.805182641273806e-05
aimed,1,7.805182641273806e-05
admixture,1,7.805182641273806e-05
aim,1,7.805182641273806e-05
agreeably,1,7.805182641273806e-05
agent,1,7.805182641273806e-05
advances,1,7.805182641273806e-05
doubtless,1,7.805182641273806e-05
afforded,1,7.805182641273806e-05
adversaries,1,7.805182641273806e-05
advocate,1,7.805182641273806e-05
affirmative,1,7.805182641273806e-05
affections,1,7.805182641273806e-05
advocates,1,7.805182641273806e-05
affairs,1,7.805182641273806e-05
advocating,1,7.805182641273806e-05
downloading,1,7.805182641273806e-05
aether,1,7.805182641273806e-05
drawn,1,7.805182641273806e-05
donation,1,7.805182641273806e-05
assist,1,7.805182641273806e-05
alien,1,7.805182641273806e-05
amend,1,7.805182641273806e-05
ambitious,1,7.805182641273806e-05
addresses,1,7.805182641273806e-05
drifted,1,7.805182641273806e-05
dogmas,1,7.805182641273806e-05
adduced,1,7.805182641273806e-05
dogmatic,1,7.805182641273806e-05
adequacy,1,7.805182641273806e-05
alters,1,7.805182641273806e-05
east,1,7.805182641273806e-05
alternatives,1,7.805182641273806e-05
alternate,1,7.805182641273806e-05
altered,1,7.805182641273806e-05
dogmatism,1,7.805182641273806e-05
alteration,1,7.805182641273806e-05
adequately,1,7.805182641273806e-05
allowing,1,7.805182641273806e-05
allowed,1,7.805182641273806e-05
dominion,1,7.805182641273806e-05
admirable,1,7.805182641273806e-05
dried,1,7.805182641273806e-05
dissociated,1,7.805182641273806e-05
distort,1,7.805182641273806e-05
aesthetic,1,7.805182641273806e-05
accepts,1,7.805182641273806e-05
disease,1,7.805182641273806e-05
elapsed,1,7.805182641273806e-05
disclaimers,1,7.805182641273806e-05
disengaged,1,7.805182641273806e-05
educational,1,7.805182641273806e-05
acceptance,1,7.805182641273806e-05
arrogant,1,7.805182641273806e-05
elect,1,7.805182641273806e-05
disk,1,7.805182641273806e-05
assented,1,7.805182641273806e-05
dismiss,1,7.805182641273806e-05
arguing,1,7.805182641273806e-05
elected,1,7.805182641273806e-05
educated,1,7.805182641273806e-05
discontinue,1,7.805182641273806e-05
elapse,1,7.805182641273806e-05
arose,1,7.805182641273806e-05
abstractions,1,7.805182641273806e-05
abstractly,1,7.805182641273806e-05
discuss,1,7.805182641273806e-05
arriving,1,7.805182641273806e-05
arrived,1,7.805182641273806e-05
abstracted,1,7.805182641273806e-05
accord,1,7.805182641273806e-05
array,1,7.805182641273806e-05
ascertained,1,7.805182641273806e-05
abstain,1,7.805182641273806e-05
ein,1,7.805182641273806e-05
effected,1,7.805182641273806e-05
assassinated,1,7.805182641273806e-05
arrange,1,7.805182641273806e-05
absurdities,1,7.805182641273806e-05
edition,1,7.805182641273806e-05
accessed,1,7.805182641273806e-05
artificial,1,7.805182641273806e-05
accessible,1,7.805182641273806e-05
argues,1,7.805182641273806e-05
accidental,1,7.805182641273806e-05
eclipse,1,7.805182641273806e-05
accident,1,7.805182641273806e-05
disappoint,1,7.805182641273806e-05
assigns,1,7.805182641273806e-05
abide,1,7.805182641273806e-05
disappointing,1,7.805182641273806e-05
disclaim,1,7.805182641273806e-05
disappear,1,7.805182641273806e-05
accidents,1,7.805182641273806e-05
arduous,1,7.805182641273806e-05
display,1,7.805182641273806e-05
displayed,1,7.805182641273806e-05
electric,1,7.805182641273806e-05
dispassionately,1,7.805182641273806e-05
disputants,1,7.805182641273806e-05
disputable,1,7.805182641273806e-05
accompanied,1,7.805182641273806e-05
assimilate,1,7.805182641273806e-05
methods,2,0.0001561036528254
absence,2,0.0001561036528254
constitution,2,0.0001561036528254
combined,2,0.0001561036528254
considers,2,0.0001561036528254
worthy,2,0.0001561036528254
mortals,2,0.0001561036528254
metaphysicians,2,0.0001561036528254
aeroplanes,2,0.0001561036528254
modified,2,0.0001561036528254
passing,2,0.0001561036528254
percipient,2,0.0001561036528254
motions,2,0.0001561036528254
moments,2,0.0001561036528254
moon,2,0.0001561036528254
adequate,2,0.0001561036528254
morning,2,0.0001561036528254
modest,2,0.0001561036528254
unexamined,2,0.0001561036528254
powerful,2,0.0001561036528254
plan,2,0.0001561036528254
clearer,2,0.0001561036528254
universality,2,0.0001561036528254
uniform,2,0.0001561036528254
middle,2,0.0001561036528254
unhesitatingly,2,0.0001561036528254
pleasure,2,0.0001561036528254
piecemeal,2,0.0001561036528254
poet,2,0.0001561036528254
unfamiliar,2,0.0001561036528254
close,2,0.0001561036528254
contained,2,0.0001561036528254
writings,2,0.0001561036528254
poison,2,0.0001561036528254
philosophies,2,0.0001561036528254
city,2,0.0001561036528254
xi,2,0.0001561036528254
admits,2,0.0001561036528254
unreal,2,0.0001561036528254
unreality,2,0.0001561036528254
unreasonable,2,0.0001561036528254
persuade,2,0.0001561036528254
admission,2,0.0001561036528254
minute,2,0.0001561036528254
permitted,2,0.0001561036528254
wrung,2,0.0001561036528254
closely,2,0.0001561036528254
mind's,2,0.0001561036528254
notably,2,0.0001561036528254
additions,2,0.0001561036528254
acquired,2,0.0001561036528254
opposing,2,0.0001561036528254
computers,2,0.0001561036528254
conceded,2,0.0001561036528254
viewed,2,0.0001561036528254
china,2,0.0001561036528254
war,2,0.0001561036528254
vii,2,0.0001561036528254
occurring,2,0.0001561036528254
occurred,2,0.0001561036528254
concept,2,0.0001561036528254
occupies,2,0.0001561036528254
occasion,2,0.0001561036528254
obviousness,2,0.0001561036528254
concepts,2,0.0001561036528254
accustomed,2,0.0001561036528254
conclusions,2,0.0001561036528254
confirm,2,0.0001561036528254
noticed,2,0.0001561036528254
vividness,2,0.0001561036528254
notoriously,2,0.0001561036528254
confident,2,0.0001561036528254
vivid,2,0.0001561036528254
organism,2,0.0001561036528254
vitally,2,0.0001561036528254
vital,2,0.0001561036528254
visual,2,0.0001561036528254
condition,2,0.0001561036528254
visit,2,0.0001561036528254
night,2,0.0001561036528254
oblong,2,0.0001561036528254
nourishing,2,0.0001561036528254
organization,2,0.0001561036528254
vary,2,0.0001561036528254
acquiring,2,0.0001561036528254
pale,2,0.0001561036528254
commonest,2,0.0001561036528254
paper,2,0.0001561036528254
naval,2,0.0001561036528254
committed,2,0.0001561036528254
updated,2,0.0001561036528254
wider,2,0.0001561036528254
parallel,2,0.0001561036528254
commentators,2,0.0001561036528254
participate,2,0.0001561036528254
widespread,2,0.0001561036528254
participation,2,0.0001561036528254
wisdom,2,0.0001561036528254
particularity,2,0.0001561036528254
partake,2,0.0001561036528254
considerations,2,0.0001561036528254
pain,2,0.0001561036528254
neglect,2,0.0001561036528254
actions,2,0.0001561036528254
original,2,0.0001561036528254
nerves,2,0.0001561036528254
warranty,2,0.0001561036528254
vanilla,2,0.0001561036528254
active,2,0.0001561036528254
negative,2,0.0001561036528254
outline,2,0.0001561036528254
west,2,0.0001561036528254
uttering,2,0.0001561036528254
utter,2,0.0001561036528254
overlooked,2,0.0001561036528254
whatsoever,2,0.0001561036528254
owns,2,0.0001561036528254
utterly,2,0.0001561036528254
consciously,2,0.0001561036528254
sphere,2,0.0001561036528254
chiefly,2,0.0001561036528254
metaphysician,2,0.0001561036528254
suitable,2,0.0001561036528254
rotation,2,0.0001561036528254
roughnesses,2,0.0001561036528254
suggests,2,0.0001561036528254
rudimentary,2,0.0001561036528254
ruins,2,0.0001561036528254
suffices,2,0.0001561036528254
supplies,2,0.0001561036528254
bearing,2,0.0001561036528254
argued,2,0.0001561036528254
suddenly,2,0.0001561036528254
satisfactory,2,0.0001561036528254
satisfy,2,0.0001561036528254
bare,2,0.0001561036528254
succession,2,0.0001561036528254
schools,2,0.0001561036528254
balloons,2,0.0001561036528254
bear,2,0.0001561036528254
surface,2,0.0001561036528254
rises,2,0.0001561036528254
risen,2,0.0001561036528254
takes,2,0.0001561036528254
tables,2,0.0001561036528254
repetitions,2,0.0001561036528254
systems,2,0.0001561036528254
systematic,2,0.0001561036528254
represents,2,0.0001561036528254
requiring,2,0.0001561036528254
synthetic,2,0.0001561036528254
black,2,0.0001561036528254
resists,2,0.0001561036528254
bishop,2,0.0001561036528254
synthesis,2,0.0001561036528254
restrictions,2,0.0001561036528254
applying,2,0.0001561036528254
retains,2,0.0001561036528254
suspect,2,0.0001561036528254
apprehending,2,0.0001561036528254
bells,2,0.0001561036528254
rightly,2,0.0001561036528254
balfour,2,0.0001561036528254
repeated,2,0.0001561036528254
substance,2,0.0001561036528254
subjected,2,0.0001561036528254
ascii,2,0.0001561036528254
aspect,2,0.0001561036528254
assent,2,0.0001561036528254
attach,2,0.0001561036528254
smell,2,0.0001561036528254
stock,2,0.0001561036528254
smooth,2,0.0001561036528254
solar,2,0.0001561036528254
singular,2,0.0001561036528254
astronomy,2,0.0001561036528254
stating,2,0.0001561036528254
starting,2,0.0001561036528254
asserted,2,0.0001561036528254
standing,2,0.0001561036528254
assumption,2,0.0001561036528254
souls,2,0.0001561036528254
associations,2,0.0001561036528254
associate,2,0.0001561036528254
solicit,2,0.0001561036528254
singled,2,0.0001561036528254
simultaneous,2,0.0001561036528254
simplicity,2,0.0001561036528254
seeks,2,0.0001561036528254
studied,2,0.0001561036528254
student,2,0.0001561036528254
arranged,2,0.0001561036528254
series,2,0.0001561036528254
service,2,0.0001561036528254
stronger,2,0.0001561036528254
setting,2,0.0001561036528254
severally,2,0.0001561036528254
shared,2,0.0001561036528254
shares,2,0.0001561036528254
ascertain,2,0.0001561036528254
strife,2,0.0001561036528254
shining,2,0.0001561036528254
strenuously,2,0.0001561036528254
ascertainable,2,0.0001561036528254
attendant,2,0.0001561036528254
attempted,2,0.0001561036528254
similarity,2,0.0001561036528254
subsists,2,0.0001561036528254
preceded,2,0.0001561036528254
bought,2,0.0001561036528254
render,2,0.0001561036528254
proofs,2,0.0001561036528254
properly,2,0.0001561036528254
proportion,2,0.0001561036528254
causality,2,0.0001561036528254
protect,2,0.0001561036528254
trustworthy,2,0.0001561036528254
trust,2,0.0001561036528254
alive,2,0.0001561036528254
pronouns,2,0.0001561036528254
proving,2,0.0001561036528254
purposes,2,0.0001561036528254
carefully,2,0.0001561036528254
pursuit,2,0.0001561036528254
travelled,2,0.0001561036528254
race,2,0.0001561036528254
rap,2,0.0001561036528254
candidates,2,0.0001561036528254
rash,2,0.0001561036528254
alter,2,0.0001561036528254
promoting,2,0.0001561036528254
twos,2,0.0001561036528254
chair,2,0.0001561036528254
underlying,2,0.0001561036528254
prepare,2,0.0001561036528254
affirm,2,0.0001561036528254
preposterous,2,0.0001561036528254
unconsciously,2,0.0001561036528254
affirmed,2,0.0001561036528254
presume,2,0.0001561036528254
charges,2,0.0001561036528254
affords,2,0.0001561036528254
characters,2,0.0001561036528254
prevents,2,0.0001561036528254
prison,2,0.0001561036528254
privacy,2,0.0001561036528254
unchangeable,2,0.0001561036528254
changing,2,0.0001561036528254
unalloyed,2,0.0001561036528254
professor,2,0.0001561036528254
challenged,2,0.0001561036528254
chairs,2,0.0001561036528254
rational,2,0.0001561036528254
renders,2,0.0001561036528254
ray,2,0.0001561036528254
reaching,2,0.0001561036528254
answered,2,0.0001561036528254
region,2,0.0001561036528254
registered,2,0.0001561036528254
anxious,2,0.0001561036528254
brings,2,0.0001561036528254
tendency,2,0.0001561036528254
relevant,2,0.0001561036528254
tend,2,0.0001561036528254
regiment,2,0.0001561036528254
appealing,2,0.0001561036528254
religious,2,0.0001561036528254
bread,2,0.0001561036528254
remembering,2,0.0001561036528254
breach,2,0.0001561036528254
brain,2,0.0001561036528254
tautology,2,0.0001561036528254
remove,2,0.0001561036528254
boundaries,2,0.0001561036528254
teaching,2,0.0001561036528254
refuted,2,0.0001561036528254
refutation,2,0.0001561036528254
announces,2,0.0001561036528254
reader,2,0.0001561036528254
tradition,2,0.0001561036528254
ready,2,0.0001561036528254
calmly,2,0.0001561036528254
touched,2,0.0001561036528254
realizes,2,0.0001561036528254
analysing,2,0.0001561036528254
realizing,2,0.0001561036528254
recall,2,0.0001561036528254
receipt,2,0.0001561036528254
receive,2,0.0001561036528254
calling,2,0.0001561036528254
recognized,2,0.0001561036528254
recommended,2,0.0001561036528254
built,2,0.0001561036528254
redistributing,2,0.0001561036528254
redistribution,2,0.0001561036528254
reduced,2,0.0001561036528254
references,2,0.0001561036528254
reached,2,0.0001561036528254
electronically,2,0.0001561036528254
abandon,2,0.0001561036528254
copied,2,0.0001561036528254
imagined,2,0.0001561036528254
ensures,2,0.0001561036528254
legal,2,0.0001561036528254
imagining,2,0.0001561036528254
demonstration,2,0.0001561036528254
leaving,2,0.0001561036528254
dogmatically,2,0.0001561036528254
imperceptible,2,0.0001561036528254
leads,2,0.0001561036528254
entertained,2,0.0001561036528254
easier,2,0.0001561036528254
implies,2,0.0001561036528254
imply,2,0.0001561036528254
imposed,2,0.0001561036528254
failed,2,0.0001561036528254
fail,2,0.0001561036528254
domain,2,0.0001561036528254
domestic,2,0.0001561036528254
inadequate,2,0.0001561036528254
earth's,2,0.0001561036528254
laid,2,0.0001561036528254
labours,2,0.0001561036528254
knuckles,2,0.0001561036528254
eat,2,0.0001561036528254
external,2,0.0001561036528254
demonstrations,2,0.0001561036528254
identify,2,0.0001561036528254
listen,2,0.0001561036528254
conversely,2,0.0001561036528254
federal,2,0.0001561036528254
historical,2,0.0001561036528254
hooks,2,0.0001561036528254
convey,2,0.0001561036528254
endeavoured,2,0.0001561036528254
fears,2,0.0001561036528254
enemy,2,0.0001561036528254
horse,2,0.0001561036528254
hostile,2,0.0001561036528254
likelihood,2,0.0001561036528254
hour,2,0.0001561036528254
familiarity,2,0.0001561036528254
houses,2,0.0001561036528254
lieu,2,0.0001561036528254
convinced,2,0.0001561036528254
hungry,2,0.0001561036528254
library,2,0.0001561036528254
falsehoods,2,0.0001561036528254
i's,2,0.0001561036528254
divisible,2,0.0001561036528254
doctrines,2,0.0001561036528254
illustrates,2,0.0001561036528254
inclined,2,0.0001561036528254
costs,2,0.0001561036528254
knitting,2,0.0001561036528254
judged,2,0.0001561036528254
duration,2,0.0001561036528254
dualism,2,0.0001561036528254
ethics,2,0.0001561036528254
ix,2,0.0001561036528254
exclusive,2,0.0001561036528254
euclidean,2,0.0001561036528254
issue,2,0.0001561036528254
excluded,2,0.0001561036528254
exceptional,2,0.0001561036528254
isolated,2,0.0001561036528254
examples,2,0.0001561036528254
damage,2,0.0001561036528254
interaction,2,0.0001561036528254
interfere,2,0.0001561036528254
intermediate,2,0.0001561036528254
internal,2,0.0001561036528254
interpretation,2,0.0001561036528254
credit,2,0.0001561036528254
investigation,2,0.0001561036528254
intervening,2,0.0001561036528254
critically,2,0.0001561036528254
introspection,2,0.0001561036528254
insistence,2,0.0001561036528254
drawing,2,0.0001561036528254
dead,2,0.0001561036528254
established,2,0.0001561036528254
incoherent,2,0.0001561036528254
expression,2,0.0001561036528254
inconceivable,2,0.0001561036528254
define,2,0.0001561036528254
keeping,2,0.0001561036528254
couple,2,0.0001561036528254
expressing,2,0.0001561036528254
expressed,2,0.0001561036528254
inconsistent,2,0.0001561036528254
increases,2,0.0001561036528254
indefinite,2,0.0001561036528254
lives,2,0.0001561036528254
errors,2,0.0001561036528254
indirectly,2,0.0001561036528254
door,2,0.0001561036528254
individually,2,0.0001561036528254
deducible,2,0.0001561036528254
explanation,2,0.0001561036528254
expenses,2,0.0001561036528254
doubts,2,0.0001561036528254
expectation,2,0.0001561036528254
infinity,2,0.0001561036528254
death,2,0.0001561036528254
exempt,2,0.0001561036528254
indifferent,2,0.0001561036528254
hierarchy,2,0.0001561036528254
invent,2,0.0001561036528254
greatly,2,0.0001561036528254
context,2,0.0001561036528254
fulfil,2,0.0001561036528254
mark,2,0.0001561036528254
firm,2,0.0001561036528254
differs,2,0.0001561036528254
discovery,2,0.0001561036528254
differences,2,0.0001561036528254
marked,2,0.0001561036528254
greek,2,0.0001561036528254
frequent,2,0.0001561036528254
luck,2,0.0001561036528254
french,2,0.0001561036528254
effects,2,0.0001561036528254
distinctions,2,0.0001561036528254
friend's,2,0.0001561036528254
feels,2,0.0001561036528254
emperor,2,0.0001561036528254
halved,2,0.0001561036528254
employ,2,0.0001561036528254
growth,2,0.0001561036528254
map,2,0.0001561036528254
grown,2,0.0001561036528254
genuine,2,0.0001561036528254
guard,2,0.0001561036528254
gross,2,0.0001561036528254
distinctive,2,0.0001561036528254
generations,2,0.0001561036528254
develop,2,0.0001561036528254
hallucinations,2,0.0001561036528254
function,2,0.0001561036528254
meal,2,0.0001561036528254
mankind,2,0.0001561036528254
dialogues,2,0.0001561036528254
discussed,2,0.0001561036528254
fleeting,2,0.0001561036528254
dismissed,2,0.0001561036528254
heat,2,0.0001561036528254
controversy,2,0.0001561036528254
hears,2,0.0001561036528254
figure,2,0.0001561036528254
disentangle,2,0.0001561036528254
founder,2,0.0001561036528254
merit,2,0.0001561036528254
govern,2,0.0001561036528254
controversies,2,0.0001561036528254
diminishing,2,0.0001561036528254
destroy,2,0.0001561036528254
continual,2,0.0001561036528254
control,2,0.0001561036528254
content,2,0.0001561036528254
enabling,2,0.0001561036528254
discussions,2,0.0001561036528254
memories,2,0.0001561036528254
contributions,2,0.0001561036528254
mass,2,0.0001561036528254
germany,2,0.0001561036528254
email,2,0.0001561036528254
emotion,2,0.0001561036528254
harmonize,2,0.0001561036528254
afford,3,0.0002341554792382
asserting,3,0.0002341554792382
sunrise,3,0.0002341554792382
succeed,3,0.0002341554792382
deductions,3,0.0002341554792382
uncertainty,3,0.0002341554792382
ghost,3,0.0002341554792382
disproved,3,0.0002341554792382
unable,3,0.0002341554792382
infallible,3,0.0002341554792382
spiritual,3,0.0002341554792382
assistance,3,0.0002341554792382
speculation,3,0.0002341554792382
reaches,3,0.0002341554792382
spinoza,3,0.0002341554792382
spectator,3,0.0002341554792382
explained,3,0.0002341554792382
explaining,3,0.0002341554792382
assertion,3,0.0002341554792382
battle,3,0.0002341554792382
cement,3,0.0002341554792382
decided,3,0.0002341554792382
presupposes,3,0.0002341554792382
subjective,3,0.0002341554792382
subjects,3,0.0002341554792382
press,3,0.0002341554792382
preserve,3,0.0002341554792382
arm,3,0.0002341554792382
intellectual,3,0.0002341554792382
examining,3,0.0002341554792382
formed,3,0.0002341554792382
preliminary,3,0.0002341554792382
predicate,3,0.0002341554792382
chime,3,0.0002341554792382
practically,3,0.0002341554792382
choose,3,0.0002341554792382
arithmetical,3,0.0002341554792382
fragmentary,3,0.0002341554792382
printed,3,0.0002341554792382
unnecessary,3,0.0002341554792382
disclaimer,3,0.0002341554792382
decide,3,0.0002341554792382
unduly,3,0.0002341554792382
deals,3,0.0002341554792382
uniformities,3,0.0002341554792382
defective,3,0.0002341554792382
discoverable,3,0.0002341554792382
advanced,3,0.0002341554792382
instinctively,3,0.0002341554792382
exemplified,3,0.0002341554792382
produces,3,0.0002341554792382
dark,3,0.0002341554792382
unknowable,3,0.0002341554792382
unknown,3,0.0002341554792382
arrangement,3,0.0002341554792382
infinitely,3,0.0002341554792382
spatial,3,0.0002341554792382
apprehension,3,0.0002341554792382
distance,3,0.0002341554792382
harmonious,3,0.0002341554792382
house,3,0.0002341554792382
axioms,3,0.0002341554792382
told,3,0.0002341554792382
met,3,0.0002341554792382
finally,3,0.0002341554792382
angles,3,0.0002341554792382
bad,3,0.0002341554792382
applications,3,0.0002341554792382
hylas,3,0.0002341554792382
analytic,3,0.0002341554792382
untrue,3,0.0002341554792382
requisites,3,0.0002341554792382
hypothetical,3,0.0002341554792382
awareness,3,0.0002341554792382
finite,3,0.0002341554792382
hunger,3,0.0002341554792382
touching,3,0.0002341554792382
bertrand,3,0.0002341554792382
belong,3,0.0002341554792382
russell,3,0.0002341554792382
rules,3,0.0002341554792382
royalty,3,0.0002341554792382
royalties,3,0.0002341554792382
distinguishing,3,0.0002341554792382
scrutiny,3,0.0002341554792382
history,3,0.0002341554792382
disturbance,3,0.0002341554792382
antithesis,3,0.0002341554792382
secure,3,0.0002341554792382
thing's,3,0.0002341554792382
risk,3,0.0002341554792382
hopes,3,0.0002341554792382
answering,3,0.0002341554792382
thunder,3,0.0002341554792382
bald,3,0.0002341554792382
theories,3,0.0002341554792382
idealists,3,0.0002341554792382
replace,3,0.0002341554792382
determine,3,0.0002341554792382
reflected,3,0.0002341554792382
improbable,3,0.0002341554792382
smoothness,3,0.0002341554792382
surprising,3,0.0002341554792382
include,3,0.0002341554792382
rectangular,3,0.0002341554792382
donate,3,0.0002341554792382
differing,3,0.0002341554792382
extension,3,0.0002341554792382
solution,3,0.0002341554792382
incompleteness,3,0.0002341554792382
distinct,3,0.0002341554792382
aims,3,0.0002341554792382
assumes,3,0.0002341554792382
supply,3,0.0002341554792382
sources,3,0.0002341554792382
sole,3,0.0002341554792382
apprehend,3,0.0002341554792382
attained,3,0.0002341554792382
broadly,3,0.0002341554792382
fit,3,0.0002341554792382
bound,3,0.0002341554792382
rendered,3,0.0002341554792382
denial,3,0.0002341554792382
determined,3,0.0002341554792382
ambiguity,3,0.0002341554792382
remember,3,0.0002341554792382
breakfast,3,0.0002341554792382
travel,3,0.0002341554792382
remaining,3,0.0002341554792382
demon,3,0.0002341554792382
demands,3,0.0002341554792382
impartiality,3,0.0002341554792382
fails,3,0.0002341554792382
bring,3,0.0002341554792382
reign,3,0.0002341554792382
simpler,3,0.0002341554792382
increased,3,0.0002341554792382
contemplates,3,0.0002341554792382
successful,3,0.0002341554792382
element,3,0.0002341554792382
perform,3,0.0002341554792382
absurdity,3,0.0002341554792382
accept,3,0.0002341554792382
complicated,3,0.0002341554792382
pair,3,0.0002341554792382
cloth,3,0.0002341554792382
earwig,3,0.0002341554792382
opinions,3,0.0002341554792382
collections,3,0.0002341554792382
complying,3,0.0002341554792382
philonous,3,0.0002341554792382
perfect,3,0.0002341554792382
neck,3,0.0002341554792382
language,3,0.0002341554792382
paragraphs,3,0.0002341554792382
endeavour,3,0.0002341554792382
utility,3,0.0002341554792382
partial,3,0.0002341554792382
written,3,0.0002341554792382
liability,3,0.0002341554792382
coexistence,3,0.0002341554792382
paying,3,0.0002341554792382
opposition,3,0.0002341554792382
justification,3,0.0002341554792382
perpendiculars,3,0.0002341554792382
learning,3,0.0002341554792382
entertain,3,0.0002341554792382
leaves,3,0.0002341554792382
lead,3,0.0002341554792382
persists,3,0.0002341554792382
comparison,3,0.0002341554792382
efforts,3,0.0002341554792382
usual,3,0.0002341554792382
absolutely,3,0.0002341554792382
performing,3,0.0002341554792382
consisting,3,0.0002341554792382
mathematicians,3,0.0002341554792382
newspaper,3,0.0002341554792382
letters,3,0.0002341554792382
mathematician,3,0.0002341554792382
conform,3,0.0002341554792382
painter,3,0.0002341554792382
votes,3,0.0002341554792382
wide,3,0.0002341554792382
iv,3,0.0002341554792382
create,3,0.0002341554792382
measure,3,0.0002341554792382
notion,3,0.0002341554792382
wrongly,3,0.0002341554792382
justify,3,0.0002341554792382
urged,3,0.0002341554792382
absent,3,0.0002341554792382
dying,3,0.0002341554792382
additional,3,0.0002341554792382
enlarge,3,0.0002341554792382
occupied,3,0.0002341554792382
links,3,0.0002341554792382
patches,3,0.0002341554792382
limit,3,0.0002341554792382
obtaining,3,0.0002341554792382
naked,3,0.0002341554792382
warranties,3,0.0002341554792382
concerns,3,0.0002341554792382
payments,3,0.0002341554792382
convictions,3,0.0002341554792382
observation,3,0.0002341554792382
concrete,3,0.0002341554792382
dwell,3,0.0002341554792382
equipment,3,0.0002341554792382
event,3,0.0002341554792382
confidence,3,0.0002341554792382
contents,3,0.0002341554792382
cost,3,0.0002341554792382
perceiving,3,0.0002341554792382
user,3,0.0002341554792382
connexions,3,0.0002341554792382
names,3,0.0002341554792382
useless,3,0.0002341554792382
multiplied,3,0.0002341554792382
considerable,3,0.0002341554792382
official,3,0.0002341554792382
money,3,0.0002341554792382
conscious,3,0.0002341554792382
offers,3,0.0002341554792382
mysterious,3,0.0002341554792382
meet,3,0.0002341554792382
brought,4,0.0003122073056509
firmly,4,0.0003122073056509
king,4,0.0003122073056509
earlier,4,0.0003122073056509
rejected,4,0.0003122073056509
named,4,0.0003122073056509
truism,4,0.0003122073056509
achieved,4,0.0003122073056509
sign,4,0.0003122073056509
employed,4,0.0003122073056509
pairs,4,0.0003122073056509
widest,4,0.0003122073056509
died,4,0.0003122073056509
country,4,0.0003122073056509
trivial,4,0.0003122073056509
swans,4,0.0003122073056509
owner,4,0.0003122073056509
attempts,4,0.0003122073056509
defect,4,0.0003122073056509
effort,4,0.0003122073056509
copying,4,0.0003122073056509
living,4,0.0003122073056509
circle,4,0.0003122073056509
highly,4,0.0003122073056509
sake,4,0.0003122073056509
respect,4,0.0003122073056509
accepted,4,0.0003122073056509
appeal,4,0.0003122073056509
enlargement,4,0.0003122073056509
occurs,4,0.0003122073056509
rests,4,0.0003122073056509
occurrence,4,0.0003122073056509
rule,4,0.0003122073056509
conditions,4,0.0003122073056509
objection,4,0.0003122073056509
reveal,4,0.0003122073056509
editions,4,0.0003122073056509
concern,4,0.0003122073056509
limitation,4,0.0003122073056509
holder,4,0.0003122073056509
accepting,4,0.0003122073056509
requirements,4,0.0003122073056509
falsely,4,0.0003122073056509
fees,4,0.0003122073056509
online,4,0.0003122073056509
demand,4,0.0003122073056509
relative,4,0.0003122073056509
neutral,4,0.0003122073056509
accounted,4,0.0003122073056509
distinguished,4,0.0003122073056509
failure,4,0.0003122073056509
correct,4,0.0003122073056509
noise,4,0.0003122073056509
normal,4,0.0003122073056509
search,4,0.0003122073056509
rejecting,4,0.0003122073056509
head,4,0.0003122073056509
fall,4,0.0003122073056509
taste,4,0.0003122073056509
born,4,0.0003122073056509
ebook,4,0.0003122073056509
books,4,0.0003122073056509
heard,4,0.0003122073056509
doctrine,4,0.0003122073056509
operation,4,0.0003122073056509
hearing,4,0.0003122073056509
scepticism,4,0.0003122073056509
denotes,4,0.0003122073056509
removed,4,0.0003122073056509
rose,4,0.0003122073056509
sitting,4,0.0003122073056509
inquiry,4,0.0003122073056509
ceased,4,0.0003122073056509
cease,4,0.0003122073056509
freedom,4,0.0003122073056509
uniformity,4,0.0003122073056509
students,4,0.0003122073056509
charles,4,0.0003122073056509
spoken,4,0.0003122073056509
displaying,4,0.0003122073056509
survey,4,0.0003122073056509
constituent,4,0.0003122073056509
constituency,4,0.0003122073056509
personal,4,0.0003122073056509
valuable,4,0.0003122073056509
discussing,4,0.0003122073056509
direction,4,0.0003122073056509
check,4,0.0003122073056509
establish,4,0.0003122073056509
forced,4,0.0003122073056509
undoubtedly,4,0.0003122073056509
innumerable,4,0.0003122073056509
chicken,4,0.0003122073056509
stage,4,0.0003122073056509
validly,4,0.0003122073056509
mission,4,0.0003122073056509
mistaken,4,0.0003122073056509
ethical,4,0.0003122073056509
print,4,0.0003122073056509
created,4,0.0003122073056509
produce,4,0.0003122073056509
produced,4,0.0003122073056509
vague,4,0.0003122073056509
format,4,0.0003122073056509
prominently,4,0.0003122073056509
minutes,4,0.0003122073056509
strong,4,0.0003122073056509
advance,4,0.0003122073056509
creating,4,0.0003122073056509
chancellor,4,0.0003122073056509
unionist,4,0.0003122073056509
status,4,0.0003122073056509
suggested,4,0.0003122073056509
damages,4,0.0003122073056509
plainly,4,0.0003122073056509
acts,4,0.0003122073056509
julius,4,0.0003122073056509
sum,4,0.0003122073056509
strict,4,0.0003122073056509
intrinsically,4,0.0003122073056509
consist,4,0.0003122073056509
suffice,4,0.0003122073056509
reading,4,0.0003122073056509
events,4,0.0003122073056509
slight,4,0.0003122073056509
age,4,0.0003122073056509
yesterday,4,0.0003122073056509
worlds,4,0.0003122073056509
slightest,4,0.0003122073056509
examination,4,0.0003122073056509
circular,4,0.0003122073056509
action,4,0.0003122073056509
abstraction,4,0.0003122073056509
arises,4,0.0003122073056509
astute,4,0.0003122073056509
gradually,4,0.0003122073056509
justified,4,0.0003122073056509
subsist,4,0.0003122073056509
posted,4,0.0003122073056509
justice,4,0.0003122073056509
psychological,4,0.0003122073056509
discussion,4,0.0003122073056509
expecting,4,0.0003122073056509
microscope,4,0.0003122073056509
elicited,4,0.0003122073056509
crude,4,0.0003122073056509
distributed,4,0.0003122073056509
prefer,4,0.0003122073056509
assumed,4,0.0003122073056509
positions,4,0.0003122073056509
diplomatist,4,0.0003122073056509
mathematical,4,0.0003122073056509
positive,4,0.0003122073056509
sought,4,0.0003122073056509
metaphysics,4,0.0003122073056509
supposition,4,0.0003122073056509
metaphysical,4,0.0003122073056509
escape,4,0.0003122073056509
discovering,5,0.0003902591320636
holds,5,0.0003902591320636
testimony,5,0.0003902591320636
freely,5,0.0003902591320636
substantives,5,0.0003902591320636
limits,5,0.0003902591320636
objections,5,0.0003902591320636
waves,5,0.0003902591320636
feeling,5,0.0003902591320636
forms,5,0.0003902591320636
desires,5,0.0003902591320636
strange,5,0.0003902591320636
absurd,5,0.0003902591320636
shapes,5,0.0003902591320636
sorts,5,0.0003902591320636
share,5,0.0003902591320636
sooner,5,0.0003902591320636
manner,5,0.0003902591320636
attention,5,0.0003902591320636
gradation,5,0.0003902591320636
shades,5,0.0003902591320636
nearer,5,0.0003902591320636
wishes,5,0.0003902591320636
shut,5,0.0003902591320636
approach,5,0.0003902591320636
mask,5,0.0003902591320636
greatness,5,0.0003902591320636
green,5,0.0003902591320636
consciousness,5,0.0003902591320636
simultaneously,5,0.0003902591320636
material,5,0.0003902591320636
fulfilled,5,0.0003902591320636
shade,5,0.0003902591320636
avoid,5,0.0003902591320636
sufficient,5,0.0003902591320636
appeared,5,0.0003902591320636
notice,5,0.0003902591320636
discover,5,0.0003902591320636
generalization,5,0.0003902591320636
sciences,5,0.0003902591320636
constitutes,5,0.0003902591320636
argue,5,0.0003902591320636
maintained,5,0.0003902591320636
writing,5,0.0003902591320636
enable,5,0.0003902591320636
loving,5,0.0003902591320636
constant,5,0.0003902591320636
empire,5,0.0003902591320636
contradictions,5,0.0003902591320636
worth,5,0.0003902591320636
apt,5,0.0003902591320636
distances,5,0.0003902591320636
geometry,5,0.0003902591320636
evil,5,0.0003902591320636
hypothesis,5,0.0003902591320636
cat,5,0.0003902591320636
raises,5,0.0003902591320636
raised,5,0.0003902591320636
doubting,5,0.0003902591320636
adjectives,5,0.0003902591320636
iron,5,0.0003902591320636
deduce,5,0.0003902591320636
infer,5,0.0003902591320636
impossibility,5,0.0003902591320636
class,5,0.0003902591320636
purpose,5,0.0003902591320636
driven,5,0.0003902591320636
volunteers,5,0.0003902591320636
inferences,5,0.0003902591320636
claim,5,0.0003902591320636
altogether,5,0.0003902591320636
providing,5,0.0003902591320636
compelled,5,0.0003902591320636
change,5,0.0003902591320636
doubted,5,0.0003902591320636
reflect,5,0.0003902591320636
realize,5,0.0003902591320636
acquire,5,0.0003902591320636
calls,5,0.0003902591320636
intellect,5,0.0003902591320636
views,5,0.0003902591320636
agreed,5,0.0003902591320636
deduction,5,0.0003902591320636
triangles,5,0.0003902591320636
air,5,0.0003902591320636
express,5,0.0003902591320636
character,5,0.0003902591320636
chapters,5,0.0003902591320636
virtue,5,0.0003902591320636
irrelevant,5,0.0003902591320636
indubitable,5,0.0003902591320636
corresponds,5,0.0003902591320636
trustworthiness,5,0.0003902591320636
compliance,5,0.0003902591320636
ultimately,5,0.0003902591320636
waking,5,0.0003902591320636
ceases,5,0.0003902591320636
judges,5,0.0003902591320636
denied,5,0.0003902591320636
critical,5,0.0003902591320636
datum,5,0.0003902591320636
occupy,5,0.0003902591320636
conception,5,0.0003902591320636
proper,5,0.0003902591320636
requires,5,0.0003902591320636
day,5,0.0003902591320636
lightning,5,0.0003902591320636
existed,5,0.0003902591320636
liable,5,0.0003902591320636
caused,5,0.0003902591320636
idealism,5,0.0003902591320636
ambiguous,5,0.0003902591320636
theoretically,5,0.0003902591320636
identical,5,0.0003902591320636
replacement,5,0.0003902591320636
road,5,0.0003902591320636
practical,5,0.0003902591320636
protected,5,0.0003902591320636
examined,5,0.0003902591320636
days,5,0.0003902591320636
descartes,6,0.0004683109584764
stands,6,0.0004683109584764
smith,6,0.0004683109584764
constituted,6,0.0004683109584764
individual,6,0.0004683109584764
continue,6,0.0004683109584764
exclusively,6,0.0004683109584764
statements,6,0.0004683109584764
adopt,6,0.0004683109584764
read,6,0.0004683109584764
gravitation,6,0.0004683109584764
constitute,6,0.0004683109584764
deal,6,0.0004683109584764
perceptions,6,0.0004683109584764
expect,6,0.0004683109584764
permission,6,0.0004683109584764
product,6,0.0004683109584764
understood,6,0.0004683109584764
continues,6,0.0004683109584764
dealt,6,0.0004683109584764
purely,6,0.0004683109584764
advocated,6,0.0004683109584764
futures,6,0.0004683109584764
granted,6,0.0004683109584764
constantly,6,0.0004683109584764
coherence,6,0.0004683109584764
qualities,6,0.0004683109584764
perfectly,6,0.0004683109584764
assuming,6,0.0004683109584764
radically,6,0.0004683109584764
matters,6,0.0004683109584764
german,6,0.0004683109584764
generalizations,6,0.0004683109584764
modern,6,0.0004683109584764
care,6,0.0004683109584764
performed,6,0.0004683109584764
characteristic,6,0.0004683109584764
misleading,6,0.0004683109584764
finding,6,0.0004683109584764
complete,6,0.0004683109584764
imagine,6,0.0004683109584764
enables,6,0.0004683109584764
seek,6,0.0004683109584764
prepositions,6,0.0004683109584764
north,6,0.0004683109584764
illustration,6,0.0004683109584764
comply,6,0.0004683109584764
fallacious,6,0.0004683109584764
represented,6,0.0004683109584764
composed,6,0.0004683109584764
require,6,0.0004683109584764
scarcely,6,0.0004683109584764
confined,6,0.0004683109584764
tax,6,0.0004683109584764
chief,6,0.0004683109584764
contact,6,0.0004683109584764
premiss,6,0.0004683109584764
resemble,6,0.0004683109584764
rest,6,0.0004683109584764
familiar,6,0.0004683109584764
distribute,6,0.0004683109584764
animals,6,0.0004683109584764
circumstances,6,0.0004683109584764
observed,6,0.0004683109584764
robinson,6,0.0004683109584764
involving,6,0.0004683109584764
relates,6,0.0004683109584764
separate,6,0.0004683109584764
guarantee,6,0.0004683109584764
integers,6,0.0004683109584764
simply,6,0.0004683109584764
partly,6,0.0004683109584764
narrow,6,0.0004683109584764
received,6,0.0004683109584764
simple,6,0.0004683109584764
admitted,6,0.0004683109584764
union,6,0.0004683109584764
caesar,6,0.0004683109584764
business,6,0.0004683109584764
hardness,6,0.0004683109584764
prime,6,0.0004683109584764
eyes,6,0.0004683109584764
habit,6,0.0004683109584764
stated,6,0.0004683109584764
wrong,6,0.0004683109584764
minister,6,0.0004683109584764
reject,6,0.0004683109584764
happened,6,0.0004683109584764
reference,6,0.0004683109584764
paid,6,0.0004683109584764
implied,6,0.0004683109584764
charge,6,0.0004683109584764
late,6,0.0004683109584764
entity,6,0.0004683109584764
prejudices,7,0.0005463627848891
fundamental,7,0.0005463627848891
method,7,0.0005463627848891
proceed,7,0.0005463627848891
precise,7,0.0005463627848891
arrive,7,0.0005463627848891
possibilities,7,0.0005463627848891
strictly,7,0.0005463627848891
jones,7,0.0005463627848891
discovered,7,0.0005463627848891
straight,7,0.0005463627848891
distributing,7,0.0005463627848891
stand,7,0.0005463627848891
extent,7,0.0005463627848891
earth,7,0.0005463627848891
assert,7,0.0005463627848891
triangle,7,0.0005463627848891
hand,7,0.0005463627848891
main,7,0.0005463627848891
learn,7,0.0005463627848891
easily,7,0.0005463627848891
distinguish,7,0.0005463627848891
easy,7,0.0005463627848891
ordinary,7,0.0005463627848891
imagination,7,0.0005463627848891
copies,7,0.0005463627848891
located,7,0.0005463627848891
hypotheses,7,0.0005463627848891
occur,7,0.0005463627848891
derive,7,0.0005463627848891
empiricists,7,0.0005463627848891
signs,7,0.0005463627848891
necessity,7,0.0005463627848891
distinction,7,0.0005463627848891
validity,7,0.0005463627848891
asserts,7,0.0005463627848891
dealing,7,0.0005463627848891
special,7,0.0005463627848891
permanent,7,0.0005463627848891
reasonable,7,0.0005463627848891
sounds,7,0.0005463627848891
abstract,7,0.0005463627848891
essence,7,0.0005463627848891
candidate,7,0.0005463627848891
follow,7,0.0005463627848891
ultimate,7,0.0005463627848891
difficulties,7,0.0005463627848891
reach,7,0.0005463627848891
verbs,7,0.0005463627848891
consideration,7,0.0005463627848891
essential,7,0.0005463627848891
addition,8,0.0006244146113019
entities,8,0.0006244146113019
analysis,8,0.0006244146113019
essentially,8,0.0006244146113019
edinburgh,8,0.0006244146113019
examine,8,0.0006244146113019
fee,8,0.0006244146113019
favour,8,0.0006244146113019
distribution,8,0.0006244146113019
support,8,0.0006244146113019
tells,8,0.0006244146113019
hume,8,0.0006244146113019
leibniz,8,0.0006244146113019
image,8,0.0006244146113019
outer,8,0.0006244146113019
happen,8,0.0006244146113019
correspond,8,0.0006244146113019
sentence,8,0.0006244146113019
bodies,8,0.0006244146113019
blue,8,0.0006244146113019
daily,8,0.0006244146113019
scope,8,0.0006244146113019
scientific,8,0.0006244146113019
provide,8,0.0006244146113019
couples,8,0.0006244146113019
basis,8,0.0006244146113019
criticism,8,0.0006244146113019
return,8,0.0006244146113019
hegel,8,0.0006244146113019
perceived,8,0.0006244146113019
coherent,8,0.0006244146113019
descriptions,8,0.0006244146113019
position,8,0.0006244146113019
hitherto,8,0.0006244146113019
involves,8,0.0006244146113019
people's,8,0.0006244146113019
infinite,8,0.0006244146113019
philosophic,8,0.0006244146113019
incapable,8,0.0006244146113019
medium,8,0.0006244146113019
degrees,8,0.0006244146113019
source,8,0.0006244146113019
fresh,8,0.0006244146113019
sound,8,0.0006244146113019
confusion,8,0.0006244146113019
mathematics,8,0.0006244146113019
rationalists,8,0.0006244146113019
dependent,9,0.0007024664377146
speaking,9,0.0007024664377146
direct,9,0.0007024664377146
intrinsic,9,0.0007024664377146
start,9,0.0007024664377146
naturally,9,0.0007024664377146
constituents,9,0.0007024664377146
possibility,9,0.0007024664377146
including,9,0.0007024664377146
belongs,9,0.0007024664377146
meant,9,0.0007024664377146
phenomena,9,0.0007024664377146
preceding,9,0.0007024664377146
characteristics,9,0.0007024664377146
public,9,0.0007024664377146
exceptions,9,0.0007024664377146
food,9,0.0007024664377146
supposing,9,0.0007024664377146
limited,9,0.0007024664377146
existing,9,0.0007024664377146
draw,9,0.0007024664377146
remains,9,0.0007024664377146
remembered,9,0.0007024664377146
speak,9,0.0007024664377146
process,9,0.0007024664377146
incomplete,9,0.0007024664377146
eye,9,0.0007024664377146
left,9,0.0007024664377146
apply,9,0.0007024664377146
hard,9,0.0007024664377146
dream,9,0.0007024664377146
phrase,9,0.0007024664377146
piece,10,0.0007805182641273
rise,10,0.0007805182641273
refund,10,0.0007805182641273
resemblance,10,0.0007805182641273
rate,10,0.0007805182641273
reflection,10,0.0007805182641273
experienced,10,0.0007805182641273
power,10,0.0007805182641273
included,10,0.0007805182641273
independently,10,0.0007805182641273
proof,10,0.0007805182641273
inferred,10,0.0007805182641273
philosopher,10,0.0007805182641273
association,10,0.0007805182641273
assume,10,0.0007805182641273
london,10,0.0007805182641273
god,10,0.0007805182641273
logically,10,0.0007805182641273
wave,10,0.0007805182641273
ground,10,0.0007805182641273
apprehended,10,0.0007805182641273
access,10,0.0007805182641273
obvious,10,0.0007805182641273
commonly,10,0.0007805182641273
correspondence,10,0.0007805182641273
equally,10,0.0007805182641273
pass,10,0.0007805182641273
patch,10,0.0007805182641273
completely,10,0.0007805182641273
beech,10,0.0007805182641273
hope,10,0.0007805182641273
hear,10,0.0007805182641273
valid,10,0.0007805182641273
reasoning,10,0.0007805182641273
perceive,10,0.0007805182641273
judging,10,0.0007805182641273
desire,10,0.0007805182641273
feelings,10,0.0007805182641273
arithmetic,11,0.0008585700905401
meaning,11,0.0008585700905401
spite,11,0.0008585700905401
answers,11,0.0008585700905401
man's,11,0.0008585700905401
spaces,11,0.0008585700905401
quality,11,0.0008585700905401
connected,11,0.0008585700905401
love,11,0.0008585700905401
thinking,11,0.0008585700905401
pure,11,0.0008585700905401
plato,11,0.0008585700905401
previous,11,0.0008585700905401
instinctive,11,0.0008585700905401
paragraph,11,0.0008585700905401
times,11,0.0008585700905401
hold,11,0.0008585700905401
evidence,11,0.0008585700905401
kinds,11,0.0008585700905401
erroneous,11,0.0008585700905401
grounds,11,0.0008585700905401
difference,11,0.0008585700905401
required,11,0.0008585700905401
unity,12,0.0009366219169528
agree,12,0.0009366219169528
philosophical,12,0.0009366219169528
motion,12,0.0009366219169528
perception,12,0.0009366219169528
dreams,12,0.0009366219169528
judge,12,0.0009366219169528
expectations,12,0.0009366219169528
colours,12,0.0009366219169528
regarded,12,0.0009366219169528
depends,12,0.0009366219169528
study,12,0.0009366219169528
blind,12,0.0009366219169528
remain,12,0.0009366219169528
applicable,12,0.0009366219169528
deny,12,0.0009366219169528
trademark,13,0.0010146737433655
literary,13,0.0010146737433655
knowing,13,0.0010146737433655
archive,13,0.0010146737433655
appearance,13,0.0010146737433655
collection,13,0.0010146737433655
depend,13,0.0010146737433655
apparent,13,0.0010146737433655
believed,13,0.0010146737433655
contemplation,13,0.0010146737433655
brown,13,0.0010146737433655
socrates,14,0.0010927255697783
set,14,0.0010927255697783
led,14,0.0010927255697783
admit,14,0.0010927255697783
based,14,0.0010927255697783
opposed,14,0.0010927255697783
considered,14,0.0010927255697783
absolute,14,0.0010927255697783
empirical,14,0.0010927255697783
statement,14,0.0010927255697783
reality,14,0.0010927255697783
contrary,14,0.0010927255697783
difficulty,14,0.0010927255697783
moment,14,0.0010927255697783
natural,14,0.0010927255697783
experiences,15,0.001170777396191
feel,15,0.001170777396191
plain,15,0.001170777396191
involve,15,0.001170777396191
inference,15,0.001170777396191
evident,15,0.001170777396191
donations,15,0.001170777396191
opinion,15,0.001170777396191
human,15,0.001170777396191
premisses,15,0.001170777396191
touch,15,0.001170777396191
impossible,15,0.001170777396191
derivative,15,0.001170777396191
whiteness,15,0.001170777396191
bismarck,16,0.0012488292226038
error,16,0.0012488292226038
definition,16,0.0012488292226038
concerned,16,0.0012488292226038
sight,16,0.0012488292226038
white,16,0.0012488292226038
attempt,16,0.0012488292226038
capable,16,0.0012488292226038
arguments,16,0.0012488292226038
induction,16,0.0012488292226038
properties,16,0.0012488292226038
applies,17,0.0013268810490165
held,17,0.0013268810490165
derived,17,0.0013268810490165
license,17,0.0013268810490165
appears,17,0.0013268810490165
single,17,0.0013268810490165
conclusion,17,0.0013268810490165
wholly,17,0.0013268810490165
othello,17,0.0013268810490165
definite,17,0.0013268810490165
data,18,0.0014049328754292
mere,18,0.0014049328754292
proved,18,0.0014049328754292
account,18,0.0014049328754292
united,18,0.0014049328754292
loves,18,0.0014049328754292
deduced,18,0.0014049328754292
probability,18,0.0014049328754292
red,18,0.0014049328754292
believes,18,0.0014049328754292
sensation,18,0.0014049328754292
agreement,19,0.001482984701842
property,19,0.001482984701842
connexion,19,0.001482984701842
believing,19,0.001482984701842
independent,19,0.001482984701842
involved,19,0.001482984701842
mortal,19,0.001482984701842
reasons,19,0.001482984701842
inductive,19,0.001482984701842
probable,19,0.001482984701842
result,19,0.001482984701842
copyright,19,0.001482984701842
idea,19,0.001482984701842
sensations,20,0.0015610365282547
contradiction,20,0.0015610365282547
degree,20,0.0015610365282547
intuitive,21,0.0016390883546674
consists,21,0.0016390883546674
theory,21,0.0016390883546674
understand,21,0.0016390883546674
private,21,0.0016390883546674
light,21,0.0016390883546674
supposed,22,0.0017171401810802
senses,22,0.0017171401810802
instances,22,0.0017171401810802
judgements,22,0.0017171401810802
tree,22,0.0017171401810802
logical,22,0.0017171401810802
difficult,23,0.0017951920074929
memory,23,0.0017951920074929
aware,24,0.0018732438339057
shape,24,0.0018732438339057
kant,25,0.0019512956603184
subject,25,0.0019512956603184
body,25,0.0019512956603184
regard,25,0.0019512956603184
desdemona,25,0.0019512956603184
particulars,26,0.0020293474867311
argument,26,0.0020293474867311
prove,26,0.0020293474867311
future,26,0.0020293474867311
berkeley,26,0.0020293474867311
foundation,27,0.0021073993131439
electronic,27,0.0021073993131439
answer,27,0.0021073993131439
questions,27,0.0021073993131439
false,27,0.0021073993131439
falsehood,28,0.0021854511395566
actual,28,0.0021854511395566
cassio,28,0.0021854511395566
universal,29,0.0022635029659694
logic,30,0.0023415547923821
laws,30,0.0023415547923821
propositions,30,0.0023415547923821
science,31,0.0024196066187948
universe,31,0.0024196066187948
sun,31,0.0024196066187948
life,32,0.0024976584452076
ideas,32,0.0024976584452076
certainty,32,0.0024976584452076
person,33,0.0025757102716203
exists,33,0.0025757102716203
mental,33,0.0025757102716203
complex,33,0.0025757102716203
instance,34,0.002653762098033
suppose,34,0.002653762098033
form,35,0.0027318139244458
common,36,0.0028098657508585
philosophers,36,0.0028098657508585
people,38,0.002965969403684
word,38,0.002965969403684
doubt,38,0.002965969403684
judgement,40,0.0031220730565095
sort,42,0.0032781767093349
relations,42,0.0032781767093349
description,43,0.0033562285357477
matter,44,0.0034342803621604
real,45,0.0035123321885732
nature,47,0.0036684358413986
chapter,47,0.0036684358413986
truths,48,0.0037464876678114
called,49,0.0038245394942241
beliefs,50,0.0039025913206369
principles,50,0.0039025913206369
minds,50,0.0039025913206369
view,52,0.0040586949734623
reason,53,0.0041367467998751
existence,53,0.0041367467998751
law,53,0.0041367467998751
principle,54,0.0042147986262878
exist,54,0.0042147986262878
terms,55,0.0042928504527005
priori,56,0.0043709022791133
colour,57,0.004448954105526
question,59,0.0046050577583515
universals,59,0.0046050577583515
proposition,61,0.004761161411177
time,67,0.0052294723696534
acquainted,71,0.0055416796753044
space,74,0.0057758351545426
acquaintance,77,0.0060099906337808
experience,80,0.006244146113019
mind,84,0.0065563534186699
project,84,0.0065563534186699
philosophy,85,0.0066344052450827
gutenberg,89,0.0069466125507336
truth,89,0.0069466125507336
table,91,0.0071027162035591
relation,93,0.0072588198563846
objects,95,0.0074149235092101
physical,98,0.0076490789884483
belief,100,0.0078051826412738
object,105,0.0081954417733374
true,129,0.0100686856072432
sense,228,0.0177958164221042
knowledge,302,0.0235716515766468
